OTU_ID,OB05_CA122A2,OB08_CA10,OB11_CA58A1,OB13_CA50B,OB18_CA51A3A,OB21_CA51A3,OB23_T046B4,OB25_T037A2,OB26_T037,OB29_T068C1,OB31_T023D3,OB32_T073A2,OB33_T073A1,OB35_T101B,OB37_T100F,OB38_T101A,OB40_T060D,OB41_T060E,,,
Zotu1338,0,0,0,0,0,0,8,0,0,22,0,0,0,10,26,9,4,16,,,
Zotu1414,34,8,14,0,0,0,0,6,0,0,0,0,0,0,0,0,0,0,,,
Zotu1723,47,0,0,14,0,0,0,0,0,0,0,0,0,0,0,0,0,0,,OB05_CA122A2,16
Zotu1846,0,0,0,0,0,0,47,0,0,11,0,0,0,0,0,0,0,0,,OB08_CA10,5
Zotu1907,0,0,0,5,0,0,4,0,0,0,15,0,4,0,3,0,0,0,,OB11_CA58A1,13
Zotu1914,0,0,0,0,0,0,5,8,0,3,4,0,14,0,0,4,0,7,,OB13_CA50B,13
Zotu1929,18,0,0,0,0,0,4,0,0,0,0,0,0,6,0,0,4,5,,OB18_CA51A3A,6
Zotu1945,0,0,0,0,0,0,5,0,0,22,0,0,0,6,0,0,3,11,,OB21_CA51A3,15
Zotu1949,0,0,0,0,0,0,11,0,0,0,15,0,3,0,0,0,10,6,,OB23_T046B4,58
Zotu1956,0,0,0,30,0,0,0,0,0,0,0,0,0,0,0,0,0,0,,OB25_T037A2,56
Zotu2014,0,0,0,0,0,0,0,0,3,10,0,0,0,5,0,0,9,8,,OB26_T037,26
Zotu2018,12,0,0,14,0,0,0,0,0,0,0,0,0,0,0,0,0,3,,OB29_T068C1,112
Zotu2025,0,0,0,0,0,0,0,0,0,0,0,0,0,3,6,19,6,14,,OB31_T023D3,70
Zotu2095,0,0,0,0,0,0,15,4,0,0,12,0,0,0,0,0,3,8,,OB32_T073A2,52
Zotu2163,0,0,0,0,0,0,0,0,4,0,0,0,0,0,22,0,0,10,,OB33_T073A1,60
Zotu2172,0,0,0,0,0,0,0,0,0,0,6,0,0,11,0,0,3,14,,OB35_T101B,124
Zotu2227,0,0,0,0,0,0,16,0,0,0,7,3,8,3,0,0,0,4,,OB37_T100F,114
Zotu2258,0,0,0,0,0,0,5,4,0,0,3,0,0,5,5,0,3,7,,OB38_T101A,113
Zotu2287,0,0,0,0,0,0,0,10,0,3,10,0,8,0,0,0,0,7,,OB40_T060D,88
Zotu2305,27,0,0,0,0,0,0,0,0,0,0,0,0,0,0,0,0,0,,OB41_T060E,131
Zotu2333,0,0,30,0,0,0,0,0,0,3,0,0,0,0,0,0,0,0,,,
Zotu2352,0,0,0,0,0,0,0,0,0,34,0,0,0,0,0,0,0,0,,,
Zotu2361,0,0,0,0,0,0,0,0,0,6,6,0,0,0,5,5,4,8,,,
Zotu2374,37,0,0,0,0,0,0,0,0,0,0,0,0,0,0,0,0,0,,,
Zotu2385,0,0,0,0,0,0,0,0,7,4,0,0,0,4,0,0,12,5,,,
Zotu2408,0,0,0,0,6,0,0,3,0,0,0,0,4,0,0,0,0,3,,,
Zotu2412,0,0,0,0,0,0,0,0,0,18,0,7,4,0,0,0,0,5,,,
Zotu2413,0,0,0,0,0,0,0,0,0,0,0,0,0,21,3,0,0,3,,,
Zotu2417,0,0,0,0,0,0,0,0,0,0,23,0,10,0,0,3,0,0,,,
Zotu2433,0,0,0,0,0,0,7,0,0,5,0,0,0,0,0,0,16,0,,,
Zotu2434,0,0,0,0,0,0,0,0,0,3,0,0,0,0,0,4,7,20,,,
Zotu2445,0,0,0,0,0,0,0,4,3,10,0,0,0,0,0,0,0,5,,,
Zotu2479,0,0,0,0,0,0,3,3,0,0,0,0,0,16,0,6,4,0,,,
Zotu2497,0,0,0,0,3,0,7,0,0,0,3,0,0,0,3,0,7,0,,,
Zotu2501,0,0,0,0,0,0,0,0,0,0,0,0,0,6,0,12,9,7,,,
Zotu2503,0,0,0,0,0,0,0,0,0,0,0,0,0,0,23,0,0,8,,,
Zotu2536,0,0,0,0,0,0,0,0,0,17,0,0,0,10,0,0,0,3,,,
Zotu2575,0,0,0,0,0,0,4,0,0,6,8,4,3,0,0,0,0,0,,,
Zotu2588,0,0,0,0,0,0,11,0,0,0,0,18,0,0,0,0,0,0,,,
Zotu2590,0,0,0,0,0,0,0,5,0,0,0,0,11,7,0,6,0,0,,,
Zotu2594,0,0,0,0,0,0,0,0,0,5,0,0,0,7,0,0,4,15,,,
Zotu2613,0,0,0,0,0,0,0,0,0,7,0,8,5,0,7,0,0,0,,,
Zotu2624,0,0,0,0,0,0,0,0,0,0,0,3,0,0,0,0,0,0,,,
Zotu2625,0,0,0,0,0,0,0,0,0,7,11,7,6,0,0,0,0,0,,,
Zotu2633,0,0,0,0,0,0,0,0,0,0,0,0,0,31,0,0,0,0,,,
Zotu2634,25,0,0,0,0,0,0,0,0,0,0,0,0,0,5,0,0,0,,,
Zotu2650,0,0,0,0,0,0,0,5,0,9,0,0,0,0,0,3,3,0,,,
Zotu2663,0,0,0,0,0,0,0,0,0,0,6,0,0,0,0,0,8,8,,,
Zotu2669,0,0,0,0,0,0,0,0,0,0,26,3,0,0,0,0,0,0,,,
Zotu2670,0,0,0,0,0,0,0,0,0,0,4,0,0,7,3,0,9,3,,,
Zotu2692,0,3,23,0,0,0,0,0,0,0,0,0,0,0,0,0,0,0,,,
Zotu2699,0,0,0,0,0,0,8,5,0,0,0,0,0,0,0,0,0,5,,,
Zotu2725,0,0,0,0,0,0,0,0,0,0,0,0,0,21,0,0,0,5,,,
Zotu2766,0,0,3,0,0,0,0,0,0,0,4,0,0,18,0,3,0,0,,,
Zotu2767,0,0,0,0,0,0,0,0,0,0,10,0,0,3,10,4,0,0,,,
Zotu2780,0,0,0,0,0,0,0,3,6,0,0,9,0,0,0,0,0,0,,,
Zotu2784,0,0,0,0,0,0,13,6,0,0,0,0,0,0,0,6,0,0,,,
Zotu2788,0,0,0,0,0,0,0,0,0,0,0,11,0,3,3,6,0,3,,,
Zotu2801,0,0,27,0,0,0,0,0,0,0,0,0,0,0,0,0,0,0,,,
Zotu2802,0,0,27,0,0,0,0,0,0,0,0,0,0,0,0,0,0,0,,,
Zotu2804,0,0,3,21,0,0,0,0,0,0,0,0,0,0,0,0,0,0,,,
Zotu2833,0,0,0,0,0,0,0,0,0,6,6,4,0,0,7,0,0,0,,,
Zotu2834,0,0,0,0,0,0,0,0,0,3,12,0,0,3,3,0,0,0,,,
Zotu2878,0,0,0,0,0,0,0,5,0,0,0,0,0,0,0,12,0,5,,,
Zotu2885,0,0,0,0,0,0,0,0,0,0,0,0,5,10,0,0,5,0,,,
Zotu2896,0,0,0,0,0,0,0,0,0,0,0,3,0,0,0,0,0,0,,,
Zotu2907,0,0,0,0,0,0,0,3,0,0,0,7,0,0,0,0,4,6,,,
Zotu2938,0,0,0,0,0,0,0,0,0,0,0,0,0,0,0,18,0,5,,,
Zotu2948,0,0,0,0,0,0,0,3,0,0,0,0,3,0,0,0,0,0,,,
Zotu2954,0,0,0,0,0,0,9,0,0,0,0,0,8,0,0,0,0,0,,,
Zotu2955,0,0,0,0,0,0,3,7,0,0,0,5,0,0,0,4,0,0,,,
Zotu2956,0,0,0,0,0,0,0,0,0,3,3,0,8,0,3,0,0,0,,,
Zotu2962,0,0,0,0,0,0,0,0,0,0,0,3,0,0,0,0,11,8,,,
Zotu2996,0,0,0,0,0,0,0,0,0,10,0,0,0,0,3,4,0,0,,,
Zotu3001,0,0,0,0,0,0,0,0,0,19,0,0,0,4,0,0,0,0,,,
Zotu3028,0,0,0,0,0,0,0,0,0,0,0,0,0,0,17,0,0,6,,,
Zotu3029,0,0,0,0,0,0,0,0,0,0,0,0,4,6,0,0,0,6,,,
Zotu3030,0,0,0,0,0,0,0,0,0,0,0,0,0,11,5,0,4,0,,,
Zotu3048,0,0,0,0,0,0,0,0,0,0,0,0,3,0,0,0,0,4,,,
Zotu3058,0,0,0,0,0,0,0,0,3,0,0,0,0,0,0,15,0,0,,,
Zotu3064,0,0,0,0,0,0,0,0,0,5,0,0,0,0,0,0,3,12,,,
Zotu3081,9,0,0,4,0,0,0,0,0,0,4,0,0,0,0,0,0,0,,,
Zotu3083,0,0,0,0,0,0,0,0,0,0,0,5,9,0,3,4,0,0,,,
Zotu3084,0,0,0,0,0,0,0,0,0,0,0,0,0,3,0,0,0,0,,,
Zotu3086,0,0,0,0,0,0,0,0,0,0,0,0,10,3,0,0,0,4,,,
Zotu3088,0,0,0,0,0,0,0,0,0,0,0,5,7,3,0,0,0,0,,,
Zotu3089,0,0,0,0,0,0,0,0,0,0,0,0,0,3,0,9,0,10,,,
Zotu3107,12,0,0,0,0,0,0,0,0,0,0,0,0,0,0,0,7,0,,,
Zotu3123,0,0,0,0,0,0,0,0,0,0,0,0,0,0,16,3,0,0,,,
Zotu3130,0,0,0,0,0,0,9,12,0,0,0,0,0,0,0,0,0,0,,,
Zotu3139,0,0,0,0,0,0,0,0,0,3,0,0,5,0,0,8,0,3,,,
Zotu3146,0,0,0,0,0,0,0,0,0,0,22,0,0,0,0,0,0,0,,,
Zotu3186,0,0,0,0,0,0,0,0,0,0,0,0,0,0,0,3,6,0,,,
Zotu3203,0,0,0,0,0,0,0,0,0,7,0,9,0,0,0,0,0,3,,,
Zotu3207,0,0,0,0,0,0,4,0,0,0,0,0,0,0,0,4,4,7,,,
Zotu3217,0,0,0,0,0,0,0,0,0,7,0,3,0,0,0,4,0,0,,,
Zotu3221,0,0,0,0,0,0,0,0,0,0,0,4,0,0,0,0,0,8,,,
Zotu3225,0,0,0,0,0,0,0,0,0,4,0,3,0,0,0,0,0,8,,,
Zotu3231,0,0,0,0,0,0,12,3,0,0,0,0,0,0,0,0,0,0,,,
Zotu3232,0,0,0,0,0,0,9,3,0,0,0,0,0,0,0,8,0,0,,,
Zotu3250,0,0,0,0,0,0,0,0,0,14,0,0,0,0,0,0,5,0,,,
Zotu3277,0,0,0,0,0,3,0,0,0,0,0,0,0,0,0,9,0,0,,,
Zotu3278,6,0,0,0,0,0,0,0,0,0,0,0,0,0,0,0,0,0,,,
Zotu3279,0,0,0,0,0,0,19,0,0,0,0,0,0,0,0,0,0,0,,,
Zotu3281,0,0,0,0,0,0,16,4,0,0,0,0,0,0,0,0,0,0,,,
Zotu3284,0,0,0,0,0,0,0,0,0,0,0,0,0,0,18,0,0,0,,,
Zotu3295,0,0,0,0,0,0,0,0,0,0,0,0,0,6,0,10,0,0,,,
Zotu3302,0,0,0,0,0,0,0,0,0,14,0,0,0,3,0,0,0,0,,,
Zotu3306,0,0,0,0,0,0,0,0,0,3,0,0,0,0,14,0,0,0,,,
Zotu3310,0,0,0,0,0,0,0,5,0,0,0,0,6,0,4,0,0,0,,,
Zotu3327,0,0,0,0,0,0,0,0,0,0,6,0,4,5,0,0,0,0,,,
Zotu3329,0,0,0,0,0,0,0,0,0,7,7,0,0,0,0,0,0,3,,,
Zotu3335,0,0,0,0,0,0,0,0,0,0,0,0,0,6,0,13,0,0,,,
Zotu3352,0,0,0,0,0,0,0,0,0,4,0,0,0,0,0,0,0,3,,,
Zotu3368,0,0,0,0,0,5,0,0,0,0,0,0,0,0,0,0,0,0,,,
Zotu3377,0,0,0,0,0,0,4,0,7,0,0,0,0,0,0,4,0,0,,,
Zotu3381,0,0,0,0,0,0,0,0,4,0,0,0,0,0,13,0,0,0,,,
Zotu3411,0,0,0,0,0,0,0,0,0,0,4,0,0,0,0,0,0,4,,,
Zotu3423,0,0,0,0,0,0,0,0,0,0,0,0,0,0,0,0,12,5,,,
Zotu3425,0,0,0,0,0,0,0,0,0,0,0,0,19,0,0,0,0,0,,,
Zotu3429,0,0,0,0,0,0,0,0,0,0,0,0,0,18,0,0,0,0,,,
Zotu3434,0,0,0,0,0,0,0,0,0,0,0,0,0,0,15,0,0,0,,,
Zotu3436,0,0,0,0,0,0,0,0,0,0,0,0,0,0,18,0,0,0,,,
Zotu3453,0,15,0,0,0,0,0,0,0,0,0,0,0,0,0,0,0,0,,,
Zotu3486,0,0,0,0,0,0,0,0,0,17,0,0,0,0,0,0,0,0,,,
Zotu3487,0,0,0,0,0,0,0,0,0,4,0,0,0,0,0,0,9,3,,,
Zotu3488,0,0,0,0,0,0,7,0,0,6,0,0,0,0,0,0,0,0,,,
Zotu3491,0,0,0,0,0,0,0,0,0,4,0,0,0,6,3,0,0,0,,,
Zotu3498,0,0,0,0,0,0,8,4,0,0,0,0,0,0,0,0,0,0,,,
Zotu3509,0,0,0,0,0,0,0,0,0,6,0,0,0,0,0,3,4,3,,,
Zotu3522,0,0,0,0,0,0,0,0,0,0,7,0,10,0,0,0,0,0,,,
Zotu3525,0,0,0,0,0,0,0,3,0,0,0,0,0,0,0,0,3,4,,,
Zotu3529,0,0,0,0,0,0,0,0,0,0,0,0,0,18,0,0,0,0,,,
Zotu3531,0,0,0,0,0,0,0,0,0,0,0,0,0,0,18,0,0,0,,,
Zotu3537,0,0,0,0,0,0,0,0,0,0,0,0,0,0,0,15,0,3,,,
Zotu3546,0,0,0,0,0,0,0,0,0,0,0,0,0,0,15,0,0,3,,,
Zotu3561,6,0,0,0,0,0,0,0,0,0,0,0,0,0,0,0,0,0,,,
Zotu3569,0,0,0,0,0,0,0,0,0,0,0,0,0,0,0,0,0,6,,,
Zotu3573,0,0,0,0,0,17,0,0,0,0,0,0,0,0,0,0,0,0,,,
Zotu3584,0,0,0,0,0,0,0,6,0,0,0,0,0,11,0,0,0,0,,,
Zotu3599,0,0,0,0,0,0,0,0,0,11,0,0,3,0,0,0,0,0,,,
Zotu3604,0,0,0,0,0,0,0,0,0,0,0,0,0,0,16,0,0,0,,,
Zotu3615,0,0,0,0,0,0,0,0,0,0,0,0,0,0,0,0,11,0,,,
Zotu3616,0,0,0,0,0,0,0,0,0,0,8,0,0,0,0,0,0,0,,,
Zotu3617,0,0,0,0,0,0,0,0,0,0,3,5,0,0,0,0,0,0,,,
Zotu3619,4,0,0,0,0,0,0,0,0,0,0,3,0,0,0,0,0,4,,,
Zotu3634,0,0,0,0,0,0,0,0,0,0,0,0,0,17,0,0,0,0,,,
Zotu3641,0,0,0,0,0,0,0,0,0,0,0,0,0,0,0,8,3,4,,,
Zotu3645,0,0,0,0,0,0,0,0,0,0,0,0,0,0,5,5,0,7,,,
Zotu3649,0,0,0,0,0,0,0,0,0,0,0,8,0,0,5,3,0,0,,,
Zotu3655,0,0,0,0,0,0,0,0,0,0,0,0,0,0,0,0,7,9,,,
Zotu3656,0,0,0,0,0,0,0,0,0,0,0,0,0,0,13,0,0,3,,,
Zotu3667,0,0,0,0,0,0,0,0,0,9,0,0,0,0,0,0,0,4,,,
Zotu3669,0,0,0,0,0,0,6,0,0,0,0,0,0,0,0,0,4,0,,,
Zotu3697,0,0,0,0,0,7,0,0,0,0,0,0,0,3,0,0,0,0,,,
Zotu3700,0,0,0,8,0,4,0,0,0,0,0,0,0,0,0,0,0,0,,,
Zotu3709,0,0,0,0,5,0,0,0,4,0,0,0,0,0,0,0,0,0,,,
Zotu3723,0,0,0,0,0,0,0,0,0,9,0,0,0,0,0,0,0,6,,,
Zotu3725,0,0,0,0,0,0,0,0,0,12,0,0,0,3,0,0,0,0,,,
Zotu3751,0,0,0,0,0,0,0,7,0,3,0,0,0,0,0,0,0,0,,,
Zotu3752,0,0,0,0,0,0,0,0,0,0,8,0,8,0,0,0,0,0,,,
Zotu3756,0,0,0,0,0,0,0,0,0,0,0,0,4,7,0,0,3,0,,,
Zotu3758,0,0,0,0,0,0,0,0,0,3,4,0,0,6,0,0,0,3,,,
Zotu3763,0,0,0,0,0,0,0,0,0,0,0,0,0,0,7,0,4,0,,,
Zotu3765,0,0,0,0,0,0,0,6,0,0,0,0,0,3,0,0,0,0,,,
Zotu3779,0,0,0,0,0,0,15,0,0,0,0,0,0,0,0,0,0,0,,,
Zotu3785,0,0,0,0,0,0,0,0,0,0,0,0,0,13,0,0,0,3,,,
Zotu3787,0,0,0,0,0,0,0,13,0,0,0,0,0,0,0,0,0,0,,,
Zotu3817,0,0,15,0,0,0,0,0,0,0,0,0,0,0,0,0,0,0,,,
Zotu3829,0,0,0,0,0,0,0,0,0,0,0,0,0,0,0,0,3,0,,,
Zotu3835,0,0,0,0,0,0,0,5,0,0,0,0,0,0,0,4,0,0,,,
Zotu3836,0,0,0,0,0,0,0,0,0,0,0,0,0,0,3,5,0,0,,,
Zotu3839,0,0,0,0,0,0,15,0,0,0,0,0,0,0,0,0,0,0,,,
Zotu3846,0,0,0,0,0,0,6,0,0,0,0,0,0,0,4,0,0,0,,,
Zotu3855,0,0,0,0,0,0,0,7,7,0,0,0,0,0,0,0,0,0,,,
Zotu3861,0,0,0,0,0,0,0,0,0,8,0,0,0,0,0,0,0,0,,,
Zotu3869,0,0,0,0,0,0,4,0,0,11,0,0,0,0,0,0,0,0,,,
Zotu3870,0,0,0,0,0,0,0,0,0,11,0,0,0,0,3,0,0,0,,,
Zotu3876,0,0,0,0,0,0,0,0,0,0,0,0,0,9,0,0,0,5,,,
Zotu3912,0,0,0,0,0,0,0,0,0,0,0,0,0,0,9,0,0,0,,,
Zotu3913,0,0,0,0,0,0,0,0,0,0,0,0,0,0,0,15,0,0,,,
Zotu3915,0,0,0,0,0,0,7,0,0,0,0,0,0,0,0,5,0,0,,,
Zotu3916,0,0,0,0,0,0,0,0,0,0,0,0,0,4,0,0,0,4,,,
Zotu3920,0,0,0,0,0,0,0,0,0,0,0,0,0,0,6,3,6,0,,,
Zotu3923,0,0,0,0,0,0,0,0,0,0,0,0,14,0,0,0,0,0,,,
Zotu3924,0,0,0,0,0,0,0,0,0,0,0,10,0,4,0,0,0,0,,,
Zotu3929,0,0,0,0,0,0,0,0,0,0,0,0,0,0,0,0,0,15,,,
Zotu3930,0,0,0,0,0,0,0,0,0,0,0,0,0,0,12,0,0,3,,,
Zotu3957,0,0,10,3,0,0,0,0,0,0,0,0,0,0,0,0,0,0,,,
Zotu3967,0,0,0,0,0,14,0,0,0,0,0,0,0,0,0,0,0,0,,,
Zotu3973,0,0,0,0,0,0,0,0,0,0,0,0,0,0,0,0,0,7,,,
Zotu3978,0,0,0,0,0,0,0,14,0,0,0,0,0,0,0,0,0,0,,,
Zotu3980,0,0,0,0,0,0,0,5,0,0,0,0,0,0,0,0,0,0,,,
Zotu3988,0,0,0,0,0,0,0,0,0,0,0,0,0,0,0,4,0,6,,,
Zotu4000,0,0,0,0,0,0,0,0,0,0,0,0,0,0,0,0,0,7,,,
Zotu4006,0,0,0,0,0,0,0,0,0,5,0,0,0,7,0,0,0,0,,,
Zotu4009,0,0,0,0,0,0,0,0,0,0,0,0,0,5,0,5,0,0,,,
Zotu4012,0,0,0,0,0,0,0,0,0,0,0,0,0,4,0,0,6,3,,,
Zotu4024,0,0,0,0,0,0,0,0,0,0,0,0,0,3,5,0,0,0,,,
Zotu4036,0,0,0,0,0,0,0,0,0,0,7,0,0,0,0,0,4,0,,,
Zotu4039,0,0,0,0,0,0,0,0,0,0,0,0,0,0,0,3,0,7,,,
Zotu4041,0,0,0,0,0,0,0,0,0,0,4,0,7,0,3,0,0,0,,,
Zotu4042,0,0,0,0,0,0,0,0,0,0,3,3,0,0,0,0,0,0,,,
Zotu4044,0,0,0,0,0,0,0,0,0,0,0,0,0,0,10,0,0,0,,,
Zotu4050,0,0,0,0,0,0,0,0,0,4,0,0,0,0,0,0,4,0,,,
Zotu4056,0,0,0,0,0,0,0,0,0,0,0,0,0,0,0,0,0,13,,,
Zotu4061,0,0,0,0,0,0,0,0,0,0,0,0,0,14,0,0,0,0,,,
Zotu4062,0,0,0,0,0,0,0,0,0,0,0,0,0,0,13,0,0,0,,,
Zotu4064,0,0,0,0,0,0,0,0,0,0,0,0,0,12,0,0,0,0,,,
Zotu4066,0,0,0,0,0,0,0,0,0,0,0,0,0,0,4,10,0,0,,,
Zotu4067,0,0,0,0,0,0,12,0,0,0,0,0,0,0,0,0,0,0,,,
Zotu4072,0,0,0,0,0,0,0,0,0,0,0,0,0,0,0,13,0,0,,,
Zotu4075,0,0,0,0,0,0,0,0,0,0,0,0,0,4,0,8,0,0,,,
Zotu4097,0,0,0,0,0,0,3,0,0,0,0,6,0,0,0,0,0,4,,,
Zotu4106,0,0,0,0,0,0,0,0,0,0,0,0,0,0,5,0,5,0,,,
Zotu4108,0,0,0,0,0,0,0,0,0,0,0,0,0,0,0,4,0,0,,,
Zotu4110,0,0,0,0,0,0,0,0,0,11,0,0,0,0,0,0,0,0,,,
Zotu4118,0,0,0,0,0,0,0,0,0,0,0,0,0,7,0,0,0,4,,,
Zotu4121,0,0,0,0,0,0,3,8,0,0,0,0,0,0,0,0,0,0,,,
Zotu4130,0,0,0,0,0,0,0,0,0,3,0,3,0,0,0,0,0,0,,,
Zotu4131,0,0,0,0,0,0,0,4,0,0,0,0,0,0,0,0,0,0,,,
Zotu4137,0,0,0,0,0,0,0,0,3,0,0,0,0,0,0,0,0,0,,,
Zotu4141,0,0,0,0,0,0,0,0,0,0,0,3,0,0,0,0,0,0,,,
Zotu4145,0,0,0,0,13,0,0,0,0,0,0,0,0,0,0,0,0,0,,,
Zotu4156,0,0,0,0,0,13,0,0,0,0,0,0,0,0,0,0,0,0,,,
Zotu4159,0,0,0,0,0,0,0,7,0,0,0,0,0,0,0,0,0,0,,,
Zotu4163,0,0,0,0,0,0,13,0,0,0,0,0,0,0,0,0,0,0,,,
Zotu4169,9,0,0,0,0,0,0,0,0,0,0,0,0,0,0,0,0,0,,,
Zotu4192,0,0,0,0,0,0,0,0,0,0,0,0,0,0,0,0,0,9,,,
Zotu4200,0,0,0,0,0,0,0,0,0,6,0,0,0,0,0,0,3,3,,,
Zotu4206,0,0,0,0,0,0,0,0,0,11,0,0,0,0,0,0,0,0,,,
Zotu4208,0,0,0,0,0,0,0,0,0,0,0,0,0,5,0,0,0,4,,,
Zotu4215,0,0,0,0,0,0,0,0,0,0,0,0,0,0,0,0,11,0,,,
Zotu4216,0,0,0,0,0,0,5,0,0,0,0,0,0,4,0,0,0,0,,,
Zotu4227,0,0,0,0,0,0,0,0,0,0,0,3,4,0,0,0,0,0,,,
Zotu4236,0,4,0,0,0,0,0,0,0,0,4,0,0,0,0,0,5,0,,,
Zotu4238,0,0,0,0,0,0,0,0,0,0,3,0,0,0,0,0,0,6,,,
Zotu4240,0,0,0,0,0,0,0,0,0,0,0,0,0,0,6,0,5,0,,,
Zotu4253,0,0,4,0,0,0,0,0,0,0,0,0,0,0,0,0,0,0,,,
Zotu4254,0,0,0,0,0,0,0,0,0,0,0,3,0,0,0,0,0,0,,,
Zotu4257,9,0,0,0,0,0,0,0,0,0,0,0,0,0,0,0,0,0,,,
Zotu4260,0,0,0,0,0,0,0,0,0,0,0,0,9,4,0,0,0,0,,,
Zotu4266,0,0,0,0,0,0,0,0,0,0,0,0,0,13,0,0,0,0,,,
Zotu4269,0,0,0,0,0,0,0,0,0,0,0,0,0,13,0,0,0,0,,,
Zotu4270,0,0,0,0,0,0,0,0,0,0,0,0,0,13,0,0,0,0,,,
Zotu4272,0,0,0,0,0,0,0,0,0,0,0,0,0,13,0,0,0,0,,,
Zotu4276,0,0,0,0,0,0,0,0,0,0,0,0,0,0,13,0,0,0,,,
Zotu4278,0,0,0,0,0,0,0,0,0,0,0,0,0,0,0,10,0,0,,,
Zotu4282,0,0,0,0,0,0,0,0,0,0,0,0,0,0,0,13,0,0,,,
Zotu4285,0,0,0,0,0,0,0,0,0,0,0,0,0,0,0,3,7,0,,,
Zotu4299,0,0,0,0,0,0,0,0,0,0,0,0,0,0,11,0,0,0,,,
Zotu4302,0,0,0,0,0,0,0,0,0,0,0,0,0,0,11,0,0,0,,,
Zotu4330,0,0,0,0,0,0,0,0,0,0,0,0,0,0,0,0,7,0,,,
Zotu4332,0,0,0,0,0,0,0,0,0,5,0,0,4,0,0,0,0,0,,,
Zotu4346,0,0,0,0,0,0,0,0,0,0,0,3,0,0,0,0,0,0,,,
Zotu4350,12,0,0,0,0,0,0,0,0,0,0,0,0,0,0,0,0,0,,,
Zotu4352,0,12,0,0,0,0,0,0,0,0,0,0,0,0,0,0,0,0,,,
Zotu4359,0,0,12,0,0,0,0,0,0,0,0,0,0,0,0,0,0,0,,,
Zotu4360,0,0,0,12,0,0,0,0,0,0,0,0,0,0,0,0,0,0,,,
Zotu4386,0,0,0,0,0,0,0,7,0,0,0,0,0,0,0,0,0,0,,,
Zotu4391,0,0,0,0,0,0,0,3,0,0,0,0,0,0,0,0,6,0,,,
Zotu4393,0,0,0,0,0,0,0,0,0,0,0,0,0,9,0,0,0,0,,,
Zotu4396,0,0,0,0,0,0,0,0,5,4,0,0,0,0,0,0,0,0,,,
Zotu4402,0,0,0,0,0,0,0,0,0,0,0,0,0,3,0,5,0,0,,,
Zotu4403,0,0,0,0,0,0,6,0,3,0,0,0,0,0,0,0,0,0,,,
Zotu4405,0,0,0,0,0,0,0,0,0,0,0,0,0,0,0,8,0,0,,,
Zotu4413,0,0,0,0,0,0,0,0,0,4,0,0,0,0,0,0,0,0,,,
Zotu4414,0,0,0,0,0,0,0,0,0,0,0,0,0,10,0,0,0,0,,,
Zotu4417,0,0,0,0,0,0,0,0,0,10,0,0,0,0,0,0,0,0,,,
Zotu4423,0,0,0,0,0,0,0,0,0,12,0,0,0,0,0,0,0,0,,,
Zotu4431,0,0,0,0,0,0,0,0,0,7,0,0,0,0,0,0,4,0,,,
Zotu4432,0,0,0,0,0,0,0,0,0,4,0,0,0,0,0,0,7,0,,,
Zotu4439,0,0,0,0,0,0,0,0,0,0,0,0,0,0,0,0,0,4,,,
Zotu4453,0,0,0,0,0,0,0,0,0,0,0,5,0,0,0,3,0,0,,,
Zotu4454,0,0,0,0,0,0,0,0,0,0,6,0,0,0,0,0,0,3,,,
Zotu4456,0,0,0,0,0,0,0,0,0,0,11,0,0,0,0,0,0,0,,,
Zotu4462,0,0,0,0,0,0,3,0,0,0,3,0,0,0,0,0,0,0,,,
Zotu4463,0,0,0,0,0,0,0,0,0,4,3,0,0,0,5,0,0,0,,,
Zotu4470,0,0,0,0,0,0,5,3,0,0,0,0,0,0,0,0,0,0,,,
Zotu4471,0,0,0,0,0,0,0,0,0,0,4,0,0,3,0,0,3,0,,,
Zotu4472,0,0,0,0,0,0,0,0,0,4,0,0,4,0,3,0,0,0,,,
Zotu4474,0,0,0,0,0,0,0,0,0,0,0,0,0,0,0,7,0,0,,,
Zotu4476,0,0,0,0,0,0,0,0,0,0,0,12,0,0,0,0,0,0,,,
Zotu4479,0,0,0,0,0,0,0,0,0,0,0,0,10,0,0,0,0,0,,,
Zotu4483,0,0,0,0,0,0,0,0,0,0,0,0,0,12,0,0,0,0,,,
Zotu4491,0,0,0,0,0,0,0,0,0,0,0,0,0,0,12,0,0,0,,,
Zotu4493,0,0,0,0,0,0,3,4,0,0,0,0,0,0,0,0,0,0,,,
Zotu4494,0,0,0,0,0,0,0,0,0,0,0,0,0,0,4,7,0,0,,,
Zotu4495,0,0,0,0,0,0,0,0,0,0,0,0,0,0,0,8,0,3,,,
Zotu4496,0,0,0,0,0,0,0,0,0,0,0,0,0,0,0,10,0,0,,,
Zotu4500,0,0,0,0,0,0,0,0,0,0,0,0,0,0,0,8,0,3,,,
Zotu4502,0,0,0,0,0,0,0,0,0,0,0,0,5,0,0,6,0,0,,,
Zotu4503,0,0,0,0,0,0,0,0,0,0,0,0,0,0,4,5,0,0,,,
Zotu4514,0,0,0,0,0,0,0,0,0,0,0,0,0,0,10,0,0,0,,,
Zotu4519,0,0,0,0,0,0,0,0,0,0,0,0,0,10,0,0,0,0,,,
Zotu4523,0,0,0,0,0,0,0,0,0,0,0,0,0,0,0,0,0,12,,,
Zotu4554,0,0,0,0,0,0,0,0,0,0,0,0,0,0,0,0,0,6,,,
Zotu4555,0,0,0,0,0,0,0,0,0,0,0,0,0,0,10,0,0,0,,,
Zotu4558,0,0,0,0,0,0,0,0,0,0,0,0,0,0,0,0,7,3,,,
Zotu4565,3,0,0,0,0,0,0,0,0,0,0,0,0,0,0,0,0,0,,,
Zotu4577,0,0,0,11,0,0,0,0,0,0,0,0,0,0,0,0,0,0,,,
Zotu4584,0,0,0,0,3,0,0,0,0,0,0,0,0,0,0,0,0,0,,,
Zotu4596,0,0,0,0,0,11,0,0,0,0,0,0,0,0,0,0,0,0,,,
Zotu4611,0,0,0,0,0,0,0,0,0,0,0,10,0,0,0,0,0,0,,,
Zotu4616,0,0,0,0,0,0,3,0,0,0,0,0,0,4,0,0,0,0,,,
Zotu4619,0,0,0,0,0,0,0,0,3,0,0,0,0,0,0,0,0,0,,,
Zotu4639,0,0,0,0,0,0,0,0,0,4,0,0,0,0,0,0,0,0,,,
Zotu4655,0,0,0,0,0,0,0,0,0,7,0,0,0,0,0,0,0,0,,,
Zotu4656,0,0,0,0,0,0,0,0,0,10,0,0,0,0,0,0,0,0,,,
Zotu4657,0,0,0,0,0,0,0,0,0,10,0,0,0,0,0,0,0,0,,,
Zotu4660,0,0,0,0,0,0,0,0,0,11,0,0,0,0,0,0,0,0,,,
Zotu4661,0,0,0,0,0,0,0,0,0,10,0,0,0,0,0,0,0,0,,,
Zotu4665,0,0,0,0,0,0,0,0,0,4,0,0,0,0,4,0,0,0,,,
Zotu4668,0,0,0,0,0,0,0,0,0,0,0,0,0,8,0,0,0,0,,,
Zotu4671,0,0,0,0,0,0,0,0,0,10,0,0,0,0,0,0,0,0,,,
Zotu4673,0,0,0,0,0,0,0,0,0,9,0,0,0,0,0,0,0,0,,,
Zotu4679,0,0,0,0,0,0,0,0,0,0,0,0,0,0,0,4,0,4,,,
Zotu4694,0,0,0,0,0,0,0,0,0,8,0,0,0,0,0,0,0,0,,,
Zotu4697,0,0,0,0,0,0,7,0,0,0,0,0,0,0,0,0,0,0,,,
Zotu4707,0,0,0,0,0,0,0,0,0,0,3,4,0,0,3,0,0,0,,,
Zotu4709,0,0,0,0,0,0,0,0,0,5,4,0,0,0,0,0,0,0,,,
Zotu4720,0,0,0,0,0,0,0,0,0,0,6,0,0,0,0,0,0,0,,,
Zotu4727,0,0,0,0,0,0,0,0,0,6,0,0,4,0,0,0,0,0,,,
Zotu4734,0,0,0,0,0,0,0,0,0,0,0,0,11,0,0,0,0,0,,,
Zotu4735,0,0,0,0,0,0,0,0,0,0,0,0,0,9,0,0,0,0,,,
Zotu4738,0,0,0,0,0,0,0,0,0,0,0,0,7,0,0,0,0,0,,,
Zotu4740,0,0,0,0,0,0,0,0,0,0,0,0,0,11,0,0,0,0,,,
Zotu4744,0,0,0,0,0,0,0,0,0,0,0,0,0,11,0,0,0,0,,,
Zotu4745,0,0,0,0,0,0,0,0,0,0,0,0,0,11,0,0,0,0,,,
Zotu4746,0,0,0,0,0,0,0,0,0,0,0,0,0,11,0,0,0,0,,,
Zotu4748,0,0,0,0,0,0,0,0,0,0,0,0,0,0,11,0,0,0,,,
Zotu4749,0,0,0,0,0,0,0,0,0,0,0,0,0,0,11,0,0,0,,,
Zotu4758,0,0,0,0,0,0,0,0,0,0,0,0,0,0,11,0,0,0,,,
Zotu4759,0,0,0,0,0,0,0,0,0,0,0,0,0,0,11,0,0,0,,,
Zotu4761,0,0,0,0,0,0,0,0,0,0,0,0,0,0,11,0,0,0,,,
Zotu4764,0,0,0,0,0,0,0,0,0,0,0,0,0,0,7,4,0,0,,,
Zotu4771,0,0,0,0,0,0,0,0,0,0,0,0,0,0,0,8,0,0,,,
Zotu4773,0,0,0,0,0,0,0,0,0,0,0,0,0,0,0,5,3,0,,,
Zotu4775,0,0,0,0,0,0,0,0,0,0,0,0,0,0,0,11,0,0,,,
Zotu4777,0,0,0,0,0,0,0,0,0,0,0,0,0,0,0,6,0,0,,,
Zotu4778,0,0,0,0,0,0,0,0,0,0,0,0,0,0,5,3,0,0,,,
Zotu4781,0,0,0,0,0,0,0,0,0,0,0,0,0,0,0,9,0,0,,,
Zotu4784,0,0,0,0,0,0,0,0,0,0,0,0,0,0,8,0,0,0,,,
Zotu4791,0,0,0,0,0,0,0,0,0,0,0,0,0,0,0,0,11,0,,,
Zotu4792,0,0,0,0,0,0,0,0,0,0,0,0,0,0,0,0,11,0,,,
Zotu4794,0,0,0,0,0,0,0,0,0,0,0,0,0,0,4,0,0,5,,,
Zotu4796,0,0,0,0,0,0,0,0,0,0,0,0,0,0,0,0,0,10,,,
Zotu4797,0,0,0,0,0,0,0,0,0,0,0,0,0,0,0,0,0,11,,,
Zotu4800,0,0,0,0,0,0,0,0,0,0,0,0,0,3,0,0,0,8,,,
Zotu4801,0,0,0,0,0,0,0,0,0,0,0,6,0,0,0,0,0,5,,,
Zotu4803,0,0,0,0,0,0,0,0,0,0,0,0,0,3,0,0,0,5,,,
Zotu4814,0,0,0,0,0,0,0,0,0,0,0,0,0,10,0,0,0,0,,,
Zotu4815,0,0,0,0,0,0,0,0,0,0,0,6,0,3,0,0,0,0,,,
Zotu4858,0,0,0,10,0,0,0,0,0,0,0,0,0,0,0,0,0,0,,,
Zotu4859,0,0,0,4,0,0,0,0,0,0,0,0,0,0,0,0,0,0,,,
Zotu4868,0,0,0,0,0,9,0,0,0,0,0,0,0,0,0,0,0,0,,,
Zotu4869,0,0,0,0,0,10,0,0,0,0,0,0,0,0,0,0,0,0,,,
Zotu4870,0,0,0,0,0,3,0,0,0,0,0,0,0,0,0,6,0,0,,,
Zotu4876,0,0,0,0,0,10,0,0,0,0,0,0,0,0,0,0,0,0,,,
Zotu4878,0,0,0,0,0,4,0,0,0,3,0,0,0,0,0,0,0,0,,,
Zotu4904,0,0,0,0,0,0,0,10,0,0,0,0,0,0,0,0,0,0,,,
Zotu4905,0,0,0,0,0,0,0,6,0,0,0,0,0,3,0,0,0,0,,,
Zotu4907,0,0,0,0,0,0,0,0,3,0,0,0,0,0,0,0,0,5,,,
Zotu4912,0,0,0,0,0,0,0,0,3,0,0,0,3,0,0,0,0,0,,,
Zotu4921,0,0,0,0,0,0,0,3,0,0,0,0,0,0,0,0,0,0,,,
Zotu4922,0,0,0,0,0,0,0,0,0,0,0,0,0,0,0,0,0,3,,,
Zotu4942,0,0,0,0,0,0,0,0,0,5,0,5,0,0,0,0,0,0,,,
Zotu4948,0,0,0,0,0,0,0,0,0,0,0,0,0,0,0,6,0,0,,,
Zotu4954,0,0,0,0,0,0,0,3,0,4,0,0,0,0,0,0,0,0,,,
Zotu4959,0,0,0,0,0,0,0,0,0,0,0,0,0,0,0,0,0,5,,,
Zotu4961,0,0,0,0,0,0,0,0,0,6,0,0,0,4,0,0,0,0,,,
Zotu4962,0,0,0,0,0,0,0,0,0,0,0,0,0,8,0,0,0,0,,,
Zotu4964,0,0,0,0,0,0,0,0,0,9,0,0,0,0,0,0,0,0,,,
Zotu4968,0,0,0,0,0,0,0,0,0,10,0,0,0,0,0,0,0,0,,,
Zotu4972,0,0,0,0,0,0,0,0,0,6,0,0,0,0,0,0,0,0,,,
Zotu4975,0,0,0,0,0,0,0,0,0,10,0,0,0,0,0,0,0,0,,,
Zotu4984,0,0,0,0,0,0,0,0,0,0,0,0,0,9,0,0,0,0,,,
Zotu5000,0,0,0,0,0,0,0,0,0,6,0,0,0,0,0,0,0,0,,,
Zotu5011,0,0,0,0,0,0,0,0,0,0,8,0,0,0,0,0,0,0,,,
Zotu5012,0,0,0,0,0,0,0,0,0,0,0,8,0,0,0,0,0,0,,,
Zotu5014,0,0,0,0,0,0,0,0,0,0,9,0,0,0,0,0,0,0,,,
Zotu5019,0,0,0,0,0,0,0,0,0,0,10,0,0,0,0,0,0,0,,,
Zotu5021,0,0,0,0,0,0,0,0,0,0,5,0,0,0,4,0,0,0,,,
Zotu5022,0,0,0,0,0,0,0,0,0,0,8,0,0,0,0,0,0,0,,,
Zotu5023,0,0,0,0,0,0,0,0,0,6,0,0,0,0,0,0,0,0,,,
Zotu5025,0,0,0,0,0,0,0,0,0,0,6,0,0,0,0,0,0,0,,,
Zotu5028,0,0,0,0,0,0,0,0,0,0,0,0,0,8,0,0,0,0,,,
Zotu5030,0,0,0,0,0,0,0,0,0,0,3,0,0,0,0,0,0,0,,,
Zotu5036,0,0,0,0,0,0,0,0,0,0,0,7,0,0,0,0,0,0,,,
Zotu5039,0,0,0,0,0,0,0,0,0,0,0,10,0,0,0,0,0,0,,,
Zotu5041,0,0,0,0,0,0,0,0,0,0,0,10,0,0,0,0,0,0,,,
Zotu5042,0,0,0,0,0,0,0,0,0,0,0,0,10,0,0,0,0,0,,,
Zotu5044,0,0,0,0,0,0,0,0,0,0,0,0,0,4,0,0,0,0,,,
Zotu5045,0,0,0,0,0,0,0,0,0,0,0,0,10,0,0,0,0,0,,,
Zotu5047,0,0,0,0,0,0,0,0,0,0,0,0,10,0,0,0,0,0,,,
Zotu5053,0,0,0,0,0,0,0,0,0,0,0,0,0,10,0,0,0,0,,,
Zotu5056,0,0,0,0,0,0,0,0,0,0,0,0,0,10,0,0,0,0,,,
Zotu5059,0,0,0,0,0,0,0,0,0,0,0,0,0,10,0,0,0,0,,,
Zotu5060,0,0,0,0,0,0,0,0,0,0,0,0,0,10,0,0,0,0,,,
Zotu5064,0,0,0,0,0,0,0,0,0,0,0,0,0,10,0,0,0,0,,,
Zotu5066,0,0,0,0,0,0,0,0,0,0,0,0,0,0,10,0,0,0,,,
Zotu5068,0,0,0,0,0,0,0,0,0,0,0,0,0,0,9,0,0,0,,,
Zotu5069,0,0,0,0,0,0,0,0,0,0,0,0,0,0,10,0,0,0,,,
Zotu5072,0,0,0,0,0,0,0,0,0,0,0,0,0,0,10,0,0,0,,,
Zotu5074,0,0,0,0,0,0,0,0,0,0,0,0,0,0,10,0,0,0,,,
Zotu5077,0,0,0,0,0,0,0,0,0,0,0,0,0,0,10,0,0,0,,,
Zotu5083,0,0,0,0,0,0,0,0,0,0,0,0,0,0,0,6,0,0,,,
Zotu5084,0,0,0,0,0,0,0,0,0,0,0,0,0,0,0,10,0,0,,,
Zotu5085,0,0,0,0,0,0,0,0,0,0,0,0,0,0,0,4,4,0,,,
Zotu5086,0,0,0,0,0,0,0,0,0,0,0,0,0,0,0,10,0,0,,,
Zotu5087,0,0,0,0,0,0,0,0,0,0,0,0,0,0,3,0,0,0,,,
Zotu5089,0,0,0,0,0,0,0,0,0,0,0,0,0,0,0,8,0,0,,,
Zotu5090,0,0,0,0,0,0,0,0,0,0,0,0,3,0,0,5,0,0,,,
Zotu5092,0,0,0,0,0,0,0,0,0,0,0,0,0,0,0,10,0,0,,,
Zotu5094,0,0,0,0,0,0,0,0,0,0,0,0,0,0,0,9,0,0,,,
Zotu5096,0,0,0,0,0,0,0,0,0,0,0,0,0,0,7,0,0,0,,,
Zotu5098,0,0,0,0,0,0,0,0,0,0,0,0,0,0,0,9,0,0,,,
Zotu5099,0,0,0,0,0,0,0,0,0,0,0,0,0,5,0,4,0,0,,,
Zotu5101,0,0,0,0,0,0,0,0,0,0,0,0,0,0,9,0,0,0,,,
Zotu5103,0,0,0,0,0,0,0,0,0,0,0,5,3,0,0,0,0,0,,,
Zotu5106,0,0,0,0,0,0,7,0,0,0,0,0,0,0,0,0,0,0,,,
Zotu5108,0,0,0,0,0,0,0,0,0,0,0,0,0,0,4,0,5,0,,,
Zotu5110,0,0,0,0,0,0,0,0,0,0,0,0,0,6,0,0,0,0,,,
Zotu5117,0,0,0,0,0,0,3,0,0,0,0,0,0,0,4,0,0,0,,,
Zotu5124,0,0,0,0,0,0,0,0,0,0,0,0,0,0,0,0,8,0,,,
Zotu5128,0,0,0,0,0,0,0,0,0,0,0,0,0,0,0,0,6,0,,,
Zotu5132,0,0,0,0,0,0,0,0,0,0,0,0,0,3,0,0,0,6,,,
Zotu5135,0,0,0,0,0,0,0,0,0,0,0,0,0,0,0,0,0,10,,,
Zotu5137,0,0,0,0,0,0,0,0,0,0,0,0,0,0,0,0,0,10,,,
Zotu5138,0,0,0,0,0,0,0,0,0,0,0,0,0,0,0,0,0,10,,,
Zotu5140,0,0,0,0,0,0,0,0,0,0,0,0,0,0,0,0,0,6,,,
Zotu5141,0,0,0,0,0,0,0,0,0,0,0,0,0,0,0,0,3,7,,,
Zotu5151,0,0,0,0,0,0,0,0,0,0,0,0,0,7,0,0,0,3,,,
Zotu5156,0,0,0,0,0,0,0,0,0,0,0,0,0,0,8,0,0,0,,,
Zotu5171,0,0,0,0,0,0,0,0,0,0,0,0,0,0,5,0,0,0,,,
Zotu5185,0,0,4,0,0,0,0,0,0,0,0,0,0,0,0,0,0,0,,,
Zotu5188,0,0,0,0,0,0,0,0,0,0,0,0,0,0,0,0,6,0,,,
Zotu5203,0,0,0,0,0,0,0,0,0,0,0,0,0,0,0,0,0,3,,,
Zotu5208,0,0,0,0,0,0,3,0,0,0,0,0,0,0,0,0,0,0,,,
Zotu5213,0,0,0,0,0,0,0,0,0,0,0,3,0,0,0,0,0,0,,,
Zotu5244,0,0,0,0,0,9,0,0,0,0,0,0,0,0,0,0,0,0,,,
Zotu5255,0,0,0,0,0,0,9,0,0,0,0,0,0,0,0,0,0,0,,,
Zotu5257,0,0,0,0,0,0,9,0,0,0,0,0,0,0,0,0,0,0,,,
Zotu5261,0,0,0,0,0,0,0,0,0,0,0,7,0,0,0,0,0,0,,,
Zotu5272,0,0,0,0,0,0,0,9,0,0,0,0,0,0,0,0,0,0,,,
Zotu5274,0,0,0,0,0,0,0,9,0,0,0,0,0,0,0,0,0,0,,,
Zotu5275,0,0,0,0,0,0,0,0,0,0,0,0,0,5,0,0,0,0,,,
Zotu5278,0,0,0,0,0,0,0,0,9,0,0,0,0,0,0,0,0,0,,,
Zotu5279,0,0,0,0,0,0,0,0,8,0,0,0,0,0,0,0,0,0,,,
Zotu5282,0,0,0,0,0,0,0,0,0,0,0,0,0,0,8,0,0,0,,,
Zotu5283,0,0,0,0,0,0,0,0,0,0,0,0,0,0,0,0,0,6,,,
Zotu5284,0,0,0,0,0,0,0,0,7,0,0,0,0,0,0,0,0,0,,,
Zotu5286,0,0,0,0,0,0,0,0,7,0,0,0,0,0,0,0,0,0,,,
Zotu5287,0,0,0,0,0,0,0,0,0,3,0,0,0,0,0,0,0,0,,,
Zotu5288,0,0,0,0,0,0,0,0,8,0,0,0,0,0,0,0,0,0,,,
Zotu5289,0,0,0,0,0,0,0,0,4,0,0,0,0,0,0,0,5,0,,,
Zotu5293,0,0,0,0,0,0,0,0,0,0,0,0,0,0,7,0,0,0,,,
Zotu5296,0,0,0,0,0,0,0,0,3,0,0,0,0,0,0,0,0,6,,,
Zotu5316,0,0,0,0,0,0,0,0,0,3,0,0,0,3,0,0,0,0,,,
Zotu5326,0,0,0,0,0,0,0,0,0,3,0,0,0,0,0,0,0,6,,,
Zotu5327,0,0,0,0,0,0,0,0,0,9,0,0,0,0,0,0,0,0,,,
Zotu5331,0,0,0,0,0,0,0,0,0,9,0,0,0,0,0,0,0,0,,,
Zotu5333,0,0,0,0,0,0,0,0,0,6,0,0,0,3,0,0,0,0,,,
Zotu5334,0,0,0,0,0,0,0,0,0,9,0,0,0,0,0,0,0,0,,,
Zotu5337,0,0,0,0,0,0,0,0,0,4,0,0,0,0,0,5,0,0,,,
Zotu5339,0,0,0,0,0,0,0,0,0,0,0,0,0,0,0,0,3,5,,,
Zotu5340,0,0,0,0,0,0,0,0,0,9,0,0,0,0,0,0,0,0,,,
Zotu5342,0,0,0,0,0,0,0,0,0,0,0,0,0,5,0,0,0,3,,,
Zotu5346,0,0,0,0,0,0,0,0,0,9,0,0,0,0,0,0,0,0,,,
Zotu5349,0,0,0,0,0,0,0,0,0,9,0,0,0,0,0,0,0,0,,,
Zotu5351,0,0,0,0,0,0,3,0,0,0,0,0,0,0,0,0,0,0,,,
Zotu5352,0,0,0,0,0,0,0,0,0,3,0,6,0,0,0,0,0,0,,,
Zotu5353,0,0,0,0,0,0,0,0,0,3,0,0,0,0,0,0,6,0,,,
Zotu5354,0,0,0,0,0,0,0,0,0,0,0,0,0,0,0,0,0,8,,,
Zotu5357,0,0,0,0,0,0,0,0,0,0,0,0,0,8,0,0,0,0,,,
Zotu5360,0,0,0,0,0,0,0,0,0,0,0,0,0,3,0,0,0,3,,,
Zotu5364,0,0,0,0,0,0,0,0,0,0,0,0,0,0,0,0,0,5,,,
Zotu5377,0,0,0,0,0,0,0,0,0,0,5,0,4,0,0,0,0,0,,,
Zotu5378,0,0,0,0,0,0,0,0,0,0,9,0,0,0,0,0,0,0,,,
Zotu5379,0,0,0,0,0,0,0,0,0,0,0,0,0,5,0,0,0,0,,,
Zotu5382,0,0,0,0,0,0,0,0,0,0,9,0,0,0,0,0,0,0,,,
Zotu5389,0,0,0,0,0,0,0,0,0,0,9,0,0,0,0,0,0,0,,,
Zotu5390,0,0,0,0,0,0,0,0,0,0,3,0,4,0,0,0,0,0,,,
Zotu5392,0,0,0,0,0,0,0,0,0,0,9,0,0,0,0,0,0,0,,,
Zotu5393,0,0,0,0,0,0,0,0,0,0,3,0,0,3,0,0,0,0,,,
Zotu5394,0,0,0,0,0,0,0,0,0,0,8,0,0,0,0,0,0,0,,,
Zotu5396,0,0,0,0,0,0,0,0,0,0,8,0,0,0,0,0,0,0,,,
Zotu5398,0,0,0,0,0,0,0,0,0,0,0,0,0,4,0,0,0,0,,,
Zotu5404,0,0,0,0,0,0,0,0,0,0,0,0,7,0,0,0,0,0,,,
Zotu5408,0,0,0,0,0,0,0,0,0,0,0,3,0,6,0,0,0,0,,,
Zotu5409,0,0,0,0,0,0,0,0,0,0,0,0,0,8,0,0,0,0,,,
Zotu5410,0,0,0,0,0,0,0,0,0,0,0,0,0,8,0,0,0,0,,,
Zotu5411,0,0,0,0,0,0,0,0,0,0,0,0,0,8,0,0,0,0,,,
Zotu5424,0,0,0,0,0,0,0,0,0,0,0,0,5,3,0,0,0,0,,,
Zotu5437,0,0,0,0,0,0,0,0,0,0,0,0,0,9,0,0,0,0,,,
Zotu5443,0,0,0,0,0,0,0,0,0,0,0,0,0,0,8,0,0,0,,,
Zotu5445,0,0,0,0,0,0,0,0,0,0,0,0,0,0,9,0,0,0,,,
Zotu5447,0,0,0,0,0,0,0,0,0,0,0,0,0,0,9,0,0,0,,,
Zotu5449,0,0,0,0,0,0,0,0,0,0,0,0,0,0,9,0,0,0,,,
Zotu5450,0,0,0,0,0,0,0,0,0,0,0,0,0,0,9,0,0,0,,,
Zotu5455,0,0,0,0,0,0,0,0,0,0,0,0,0,0,9,0,0,0,,,
Zotu5456,0,0,0,0,0,0,0,0,0,0,0,0,0,4,5,0,0,0,,,
Zotu5457,0,0,0,0,0,0,0,0,0,0,0,0,0,0,9,0,0,0,,,
Zotu5461,0,0,0,0,0,0,0,0,0,0,0,0,0,0,9,0,0,0,,,
Zotu5466,0,0,0,0,0,0,5,0,0,0,0,0,0,0,0,3,0,0,,,
Zotu5469,0,0,0,0,0,0,0,0,0,0,0,0,0,0,0,9,0,0,,,
Zotu5471,0,0,0,0,0,0,0,0,0,0,0,0,0,0,0,9,0,0,,,
Zotu5472,0,0,0,0,0,0,0,0,0,0,0,0,0,0,0,9,0,0,,,
Zotu5473,0,0,0,0,0,0,0,0,0,0,0,0,0,0,0,7,0,0,,,
Zotu5479,0,0,0,0,0,0,0,0,0,0,0,0,0,0,0,9,0,0,,,
Zotu5480,0,0,0,0,0,0,0,0,0,0,0,0,0,0,0,6,0,3,,,
Zotu5484,0,0,0,0,0,0,0,0,0,0,0,0,0,0,0,8,0,0,,,
Zotu5485,0,0,0,0,0,0,0,0,0,0,0,0,0,0,0,6,0,3,,,
Zotu5493,0,0,0,0,0,0,0,0,0,0,0,0,0,5,0,4,0,0,,,
Zotu5494,0,0,0,0,0,0,0,0,0,0,0,0,0,0,0,0,5,0,,,
Zotu5495,0,0,0,0,0,0,0,0,0,0,0,0,0,0,0,9,0,0,,,
Zotu5496,0,0,0,0,0,0,0,4,0,0,0,0,0,0,0,3,0,0,,,
Zotu5502,0,0,0,0,0,0,0,0,0,0,0,5,0,0,0,0,0,0,,,
Zotu5505,0,0,0,0,0,0,0,0,0,0,0,0,0,5,0,4,0,0,,,
Zotu5506,0,0,0,0,0,0,0,0,0,0,0,0,0,0,0,0,0,6,,,
Zotu5516,0,0,0,0,0,0,0,0,0,0,0,0,0,0,0,0,9,0,,,
Zotu5517,0,0,0,0,0,0,0,0,0,0,0,0,0,0,0,0,9,0,,,
Zotu5521,0,0,0,0,0,0,0,0,0,0,0,0,0,0,0,0,9,0,,,
Zotu5523,0,0,0,0,0,0,0,0,0,0,0,0,0,0,0,0,8,0,,,
Zotu5524,0,0,0,0,0,0,0,0,0,0,0,0,0,0,0,0,9,0,,,
Zotu5527,0,0,0,0,0,0,0,0,0,0,0,0,0,0,0,0,9,0,,,
Zotu5547,0,0,0,0,0,0,0,0,0,0,0,0,0,0,7,0,0,0,,,
Zotu5553,0,0,0,0,0,0,0,0,0,0,0,0,0,8,0,0,0,0,,,
Zotu5554,0,0,0,0,0,0,0,0,0,0,0,0,0,0,5,0,0,0,,,
Zotu5570,0,0,0,0,0,0,0,0,0,3,0,0,0,0,4,0,0,0,,,
Zotu5580,0,0,0,0,0,0,0,0,0,0,0,0,8,0,0,0,0,0,,,
Zotu5587,0,0,0,0,0,0,0,0,0,0,0,0,0,0,0,0,0,3,,,
Zotu5605,0,0,0,0,0,0,0,3,0,0,0,0,0,0,0,0,0,0,,,
Zotu5621,0,0,4,0,0,0,0,0,0,0,0,0,0,0,4,0,0,0,,,
Zotu5623,0,0,0,5,0,0,0,0,0,0,0,0,0,0,0,0,0,0,,,
Zotu5638,0,0,0,0,0,0,0,5,0,0,0,0,0,0,0,0,0,0,,,
Zotu5639,0,0,0,0,0,0,0,0,0,0,0,0,6,0,0,0,0,0,,,
Zotu5640,0,0,0,0,0,0,0,0,0,0,0,0,7,0,0,0,0,0,,,
Zotu5643,0,0,0,0,0,0,0,0,0,0,0,0,0,0,0,0,3,0,,,
Zotu5652,0,0,0,0,0,6,0,0,0,0,0,0,0,0,0,0,0,0,,,
Zotu5666,0,0,0,0,0,0,6,0,0,0,0,0,0,0,0,0,0,0,,,
Zotu5668,0,0,0,0,0,0,8,0,0,0,0,0,0,0,0,0,0,0,,,
Zotu5669,0,0,0,0,0,0,0,0,0,0,0,0,0,0,0,0,6,0,,,
Zotu5673,0,0,0,0,0,0,0,0,0,0,0,0,0,0,7,0,0,0,,,
Zotu5688,0,0,0,0,0,0,0,3,0,0,0,0,0,0,0,0,3,0,,,
Zotu5690,0,0,0,0,0,0,0,7,0,0,0,0,0,0,0,0,0,0,,,
Zotu5692,0,0,0,0,0,0,5,0,0,0,0,0,0,0,0,0,0,0,,,
Zotu5694,0,0,0,0,0,0,0,6,0,0,0,0,0,0,0,0,0,0,,,
Zotu5700,0,0,0,0,0,0,0,8,0,0,0,0,0,0,0,0,0,0,,,
Zotu5704,0,0,0,0,0,0,0,0,0,0,0,0,0,7,0,0,0,0,,,
Zotu5706,0,0,0,0,5,0,0,0,0,0,0,0,0,0,0,0,0,0,,,
Zotu5708,0,0,0,0,0,0,0,0,5,0,0,0,0,0,0,0,0,0,,,
Zotu5713,0,0,0,0,0,0,0,0,0,5,0,0,0,0,0,0,0,0,,,
Zotu5718,0,0,0,0,0,0,0,0,4,0,0,0,0,0,0,0,0,0,,,
Zotu5719,0,0,0,0,0,0,0,0,0,0,0,0,0,0,0,6,0,0,,,
Zotu5735,0,0,0,0,0,0,0,3,0,0,0,0,0,0,0,0,0,0,,,
Zotu5767,0,0,0,0,0,0,0,3,0,0,0,0,0,0,0,0,0,3,,,
Zotu5768,0,0,0,0,0,0,0,0,0,3,0,0,0,0,3,0,0,0,,,
Zotu5770,0,0,0,0,0,0,0,0,0,8,0,0,0,0,0,0,0,0,,,
Zotu5771,0,0,0,0,0,0,0,0,0,8,0,0,0,0,0,0,0,0,,,
Zotu5779,0,0,0,0,0,0,0,0,0,5,0,0,0,0,0,0,0,0,,,
Zotu5785,0,0,0,0,0,0,0,0,0,8,0,0,0,0,0,0,0,0,,,
Zotu5786,0,0,0,0,0,0,0,0,0,6,0,0,0,0,0,0,0,0,,,
Zotu5793,0,0,0,0,0,0,0,0,0,8,0,0,0,0,0,0,0,0,,,
Zotu5799,0,0,0,0,0,0,0,0,0,0,0,0,0,0,0,0,5,0,,,
Zotu5801,0,0,0,0,0,0,0,0,0,0,0,0,6,0,0,0,0,0,,,
Zotu5808,0,0,0,0,0,0,0,0,0,3,0,0,0,0,0,0,0,4,,,
Zotu5810,0,0,0,0,0,0,5,0,0,0,0,0,0,0,0,0,0,0,,,
Zotu5813,0,0,0,0,0,0,0,0,0,8,0,0,0,0,0,0,0,0,,,
Zotu5816,0,0,0,0,0,0,0,0,0,8,0,0,0,0,0,0,0,0,,,
Zotu5820,0,0,0,0,0,0,0,0,0,0,0,0,0,0,0,4,0,3,,,
Zotu5841,0,0,0,0,0,0,0,0,0,0,8,0,0,0,0,0,0,0,,,
Zotu5845,0,0,0,0,0,0,0,0,0,0,0,0,0,0,0,0,3,0,,,
Zotu5848,0,0,0,0,0,0,0,0,0,0,6,0,0,0,0,0,0,0,,,
Zotu5851,0,0,0,0,0,0,0,0,0,0,6,0,0,0,0,0,0,0,,,
Zotu5855,0,0,0,0,0,0,0,0,0,0,8,0,0,0,0,0,0,0,,,
Zotu5856,0,0,0,0,0,0,0,0,0,0,0,0,0,0,0,4,0,0,,,
Zotu5858,0,0,0,0,0,0,0,0,0,0,8,0,0,0,0,0,0,0,,,
Zotu5860,0,0,0,0,0,0,0,0,0,0,8,0,0,0,0,0,0,0,,,
Zotu5861,0,0,0,0,0,0,0,0,0,0,4,0,0,0,0,0,0,0,,,
Zotu5863,0,0,0,0,0,0,0,0,0,0,7,0,0,0,0,0,0,0,,,
Zotu5864,0,0,0,0,0,0,0,0,6,0,0,0,0,0,0,0,0,0,,,
Zotu5866,0,0,0,0,0,0,0,0,0,0,3,0,3,0,0,0,0,0,,,
Zotu5870,0,0,0,0,0,0,0,0,0,0,4,0,0,0,0,0,0,0,,,
Zotu5876,0,0,0,0,0,0,0,0,0,0,0,0,0,0,3,0,0,0,,,
Zotu5879,0,0,0,0,0,0,0,0,0,0,0,0,0,6,0,0,0,0,,,
Zotu5884,0,0,0,0,0,0,0,0,0,0,0,0,0,7,0,0,0,0,,,
Zotu5889,0,0,0,0,0,0,0,0,0,0,0,8,0,0,0,0,0,0,,,
Zotu5895,0,0,0,0,0,0,0,0,0,0,0,3,5,0,0,0,0,0,,,
Zotu5898,0,0,0,0,0,0,0,0,0,0,0,0,3,3,0,0,0,0,,,
Zotu5902,0,0,0,0,0,0,0,0,0,0,0,0,0,0,0,0,3,4,,,
Zotu5904,0,0,0,0,0,0,0,0,0,0,0,3,3,0,0,0,0,0,,,
Zotu5910,0,0,0,0,0,0,0,0,0,0,0,0,0,8,0,0,0,0,,,
Zotu5912,0,0,0,0,0,0,0,0,0,0,0,0,0,8,0,0,0,0,,,
Zotu5917,0,0,0,0,0,0,0,0,0,0,0,0,0,8,0,0,0,0,,,
Zotu5931,0,0,0,0,0,0,0,0,0,0,0,0,0,0,8,0,0,0,,,
Zotu5936,0,0,0,0,0,0,0,0,0,0,0,0,0,0,8,0,0,0,,,
Zotu5939,0,0,0,0,0,0,0,0,0,0,0,0,0,0,6,0,0,0,,,
Zotu5940,0,0,0,0,0,0,0,0,0,0,0,0,0,0,8,0,0,0,,,
Zotu5941,0,0,0,0,0,0,0,0,0,0,0,0,0,0,8,0,0,0,,,
Zotu5943,0,0,0,0,0,0,0,0,0,0,0,0,0,0,8,0,0,0,,,
Zotu5953,0,0,0,0,0,0,0,0,0,0,0,0,4,0,0,4,0,0,,,
Zotu5959,0,0,0,0,0,0,0,0,0,0,0,0,0,0,0,6,0,0,,,
Zotu5960,0,0,0,0,0,0,0,0,0,0,0,0,0,0,0,7,0,0,,,
Zotu5961,0,0,0,0,0,0,0,0,0,0,0,0,0,0,0,8,0,0,,,
Zotu5966,0,0,0,0,0,0,0,0,0,0,0,0,0,0,4,3,0,0,,,
Zotu5968,0,0,0,0,0,0,0,0,0,0,0,0,0,0,0,7,0,0,,,
Zotu5971,0,0,0,0,0,0,0,0,0,0,0,0,0,0,0,0,0,3,,,
Zotu5972,0,0,0,0,0,0,0,0,0,0,0,0,0,0,0,6,0,0,,,
Zotu5975,0,0,0,0,0,0,0,0,0,0,0,0,0,0,0,7,0,0,,,
Zotu5977,0,0,0,0,0,0,0,0,0,0,0,0,0,0,0,5,0,0,,,
Zotu5979,0,0,0,0,0,0,0,0,0,0,0,0,0,0,0,8,0,0,,,
Zotu5981,0,0,0,0,0,0,0,0,0,0,0,0,0,0,0,8,0,0,,,
Zotu5983,0,0,0,0,0,0,0,0,0,0,0,0,0,0,0,8,0,0,,,
Zotu5986,0,0,0,0,0,0,0,0,0,0,0,0,0,0,0,3,3,0,,,
Zotu5988,0,0,0,0,0,0,0,0,0,0,0,0,0,0,0,3,3,0,,,
Zotu5991,0,0,0,0,0,0,0,0,0,0,0,0,0,0,0,0,0,7,,,
Zotu5998,0,0,0,0,0,0,0,0,0,0,0,0,0,0,0,4,0,4,,,
Zotu5999,0,0,0,0,0,0,6,0,0,0,0,0,0,0,0,0,0,0,,,
Zotu6000,0,0,0,0,0,0,0,0,0,0,0,0,0,0,4,0,0,0,,,
Zotu6001,0,0,0,0,0,0,0,0,0,0,0,0,0,0,0,0,0,5,,,
Zotu6002,0,0,0,0,0,0,0,0,0,0,0,0,0,4,0,0,0,0,,,
Zotu6008,0,0,0,0,0,0,0,0,0,0,0,0,0,0,0,0,6,0,,,
Zotu6021,0,0,0,0,0,0,4,0,0,0,0,0,0,0,0,0,0,0,,,
Zotu6028,0,0,0,0,0,0,0,0,0,0,0,0,0,0,4,0,0,0,,,
Zotu6043,0,0,0,0,0,0,0,5,0,0,0,0,0,0,0,0,0,3,,,
Zotu6044,0,0,0,0,0,0,0,0,0,0,0,0,0,0,0,0,0,5,,,
Zotu6047,0,0,0,0,0,0,0,0,0,0,0,0,0,0,0,0,0,8,,,
Zotu6049,0,0,0,0,0,0,0,0,0,0,0,0,0,3,0,0,0,0,,,
Zotu6060,0,0,0,0,0,0,0,0,0,0,0,0,0,0,6,0,0,0,,,
Zotu6061,0,0,0,0,0,0,0,6,0,0,0,0,0,0,0,0,0,0,,,
Zotu6065,0,0,0,0,0,0,0,0,0,0,0,0,0,0,0,0,0,6,,,
Zotu6077,0,0,0,0,0,0,0,0,0,0,0,0,0,0,6,0,0,0,,,
Zotu6081,0,0,0,0,0,0,0,0,0,0,0,0,0,0,0,0,5,3,,,
Zotu6085,0,0,0,0,0,0,0,0,0,0,0,0,0,0,0,0,3,0,,,
Zotu6086,0,0,0,0,0,0,0,0,0,0,0,0,0,6,0,0,0,0,,,
Zotu6089,0,0,0,0,0,0,0,0,0,0,0,0,0,0,0,0,6,0,,,
Zotu6105,0,0,0,0,0,0,0,0,0,4,0,0,0,0,0,0,0,0,,,
Zotu6135,0,0,0,0,0,0,0,0,0,0,0,0,0,0,0,0,3,3,,,
Zotu6137,0,0,0,0,0,0,0,0,0,0,0,0,0,0,6,0,0,0,,,
Zotu6138,0,0,0,0,0,0,0,0,0,0,0,0,5,0,0,0,0,0,,,
,,,,,,,,,,,,,,,,,,,,,
,16,5,13,13,6,15,58,56,26,112,70,52,60,124,114,113,88,131,,,
