OTU_ID,OB05_CA122A2,OB08_CA10,OB11_CA58A1,OB13_CA50B,OB18_CA51A3A,OB21_CA51A3,OB23_T046B4,OB25_T037A2,OB26_T037,OB29_T068C1,OB31_T023D3,OB32_T073A2,OB33_T073A1,OB35_T101B,OB37_T100F,FP_T101A_M_BC_OA,OB40_T060D,OB41_T060E
Zotu100,0,0,0,0,0,9,315,342,75,663,152,157,87,252,324,192,385,401
Zotu1001,5,0,0,0,0,0,18,6,0,5,4,6,25,15,4,7,3,7
Zotu1002,3,0,0,0,0,0,0,0,0,0,0,0,0,0,0,0,0,0
Zotu1003,0,0,0,0,0,0,12,16,0,24,4,19,0,5,10,0,13,13
Zotu1004,0,0,0,0,0,0,0,0,6,13,0,3,0,19,0,11,0,15
Zotu1006,0,0,0,0,0,0,22,12,0,3,14,27,7,23,3,13,11,16
Zotu1008,0,0,0,0,0,0,12,8,5,0,0,0,0,32,11,19,0,7
Zotu101,0,0,11,0,3,0,444,554,209,272,81,75,68,151,363,323,401,710
Zotu1012,0,0,122,0,0,0,0,0,0,0,0,0,0,0,0,0,0,0
Zotu1013,0,0,0,0,0,0,13,14,5,7,23,21,15,28,13,9,0,10
Zotu1016,0,11,0,7,0,3,0,0,5,0,0,0,0,0,0,10,0,0
Zotu1021,0,0,0,0,0,0,9,15,0,7,9,13,4,20,9,13,22,20
Zotu1023,0,0,0,4,7,32,0,0,0,0,0,0,0,0,0,0,0,0
Zotu1028,0,0,0,0,0,0,9,4,0,13,9,0,12,3,17,13,11,13
Zotu1030,0,29,0,0,6,0,0,3,0,9,3,0,0,0,0,0,0,0
Zotu1034,0,0,0,0,0,0,20,6,5,7,19,13,7,11,21,7,0,17
Zotu1042,0,0,0,0,0,0,0,0,0,5,28,7,42,4,5,16,8,12
Zotu1044,0,0,0,0,0,0,0,6,13,20,3,0,15,17,3,28,4,31
Zotu1045,0,0,0,0,0,0,0,0,0,0,0,0,0,14,18,38,11,9
Zotu1046,0,0,0,0,0,0,17,33,4,11,10,12,7,9,0,5,0,0
Zotu1048,0,0,0,0,0,5,0,0,0,31,0,8,3,7,5,0,12,29
Zotu1049,0,0,0,0,0,0,0,9,0,11,7,10,0,29,27,0,3,14
Zotu1050,0,0,0,0,0,0,8,11,0,6,26,25,9,7,13,0,0,11
Zotu1052,0,0,0,0,0,0,26,0,0,0,0,13,0,0,0,0,26,0
Zotu1056,0,0,0,0,0,0,6,0,0,5,14,12,7,10,6,24,13,34
Zotu1059,0,0,0,0,60,0,0,0,0,0,0,7,0,0,11,0,13,0
Zotu1061,0,0,0,0,0,0,10,7,5,0,18,3,0,9,14,25,14,19
Zotu1063,0,7,11,12,3,31,4,11,0,4,0,8,7,9,16,0,4,0
Zotu1064,0,3,0,0,0,0,0,0,0,0,0,0,0,48,10,55,6,14
Zotu1066,0,0,0,0,0,0,0,0,0,0,0,0,0,25,19,31,24,17
Zotu1068,0,0,0,0,0,0,14,8,0,20,6,21,15,3,5,4,13,12
Zotu1070,0,0,0,0,0,0,16,9,3,7,3,39,9,9,11,5,9,8
Zotu1072,0,0,0,0,0,0,5,8,0,11,23,26,5,0,0,4,23,14
Zotu1073,0,0,0,0,0,0,9,9,0,6,12,12,22,0,13,9,8,9
Zotu1074,0,0,0,0,0,0,11,4,0,20,12,26,8,17,7,8,17,4
Zotu1075,0,0,0,0,0,0,3,9,16,3,0,3,0,0,11,15,8,15
Zotu1076,0,14,0,11,0,16,0,0,0,0,0,0,0,0,0,0,0,0
Zotu1079,23,21,0,14,5,3,0,0,3,0,3,0,0,0,0,0,0,0
Zotu108,1015,36,640,131,0,0,77,60,24,80,62,31,37,7,37,16,26,94
Zotu1080,0,0,0,0,0,17,0,0,0,0,0,0,0,0,0,0,0,0
Zotu1084,9,0,0,0,0,27,0,0,0,0,0,0,0,0,0,0,0,0
Zotu1085,0,0,0,8,0,0,0,0,0,0,11,11,15,0,9,11,9,16
Zotu1091,0,3,0,47,0,0,0,0,0,6,0,0,0,0,4,0,0,0
Zotu1094,0,0,0,0,0,51,0,0,0,0,0,0,0,0,0,0,0,0
Zotu1103,0,0,0,0,0,0,25,7,0,3,15,22,4,0,9,7,0,16
Zotu1104,0,0,0,0,0,0,7,13,0,8,25,4,12,5,5,9,13,6
Zotu1105,0,56,0,0,0,0,0,0,0,0,0,0,0,0,0,3,0,0
Zotu1106,0,0,0,0,0,0,3,0,21,0,0,0,0,0,9,0,3,0
Zotu1107,0,0,0,0,0,0,0,0,7,0,0,0,0,0,6,17,13,19
Zotu1108,0,0,0,0,0,0,11,15,0,8,20,20,15,3,4,5,8,15
Zotu1111,0,0,0,0,0,0,6,18,4,7,0,0,0,7,0,0,5,3
Zotu1112,0,0,0,0,0,0,0,0,0,3,0,0,0,12,0,0,0,0
Zotu1119,18,0,0,0,0,0,3,0,0,0,0,0,0,0,0,0,0,0
Zotu1121,0,0,0,0,0,0,0,6,0,4,21,6,0,9,23,16,4,36
Zotu1124,0,0,0,0,0,0,0,0,11,15,0,6,0,12,0,0,13,10
Zotu1125,0,0,0,0,0,0,12,4,0,0,18,5,4,14,7,4,8,6
Zotu1126,0,0,0,0,0,0,3,0,0,10,3,0,0,21,9,13,13,39
Zotu1127,0,0,0,0,0,0,0,0,3,23,7,11,0,0,10,8,22,24
Zotu1128,0,0,0,27,0,0,0,0,0,0,0,0,0,0,0,0,0,0
Zotu1129,0,0,5,0,0,0,7,13,0,7,0,17,5,0,12,4,7,9
Zotu1132,0,0,0,0,0,0,4,15,0,17,8,4,0,5,9,0,10,10
Zotu1137,3,0,0,0,0,0,17,19,0,15,9,7,3,7,21,3,7,6
Zotu1138,0,0,0,0,0,0,4,0,0,78,0,0,0,0,0,0,7,5
Zotu114,80,0,430,82,42,30,72,77,26,155,482,343,348,125,124,224,154,333
Zotu1144,0,0,0,0,0,0,0,5,0,0,16,29,30,3,12,7,0,8
Zotu1145,0,0,0,0,0,0,10,13,0,4,5,18,8,5,15,9,6,6
Zotu115,0,0,0,0,0,0,190,123,15,158,716,600,601,346,360,195,260,246
Zotu1150,0,0,0,0,0,0,0,0,0,7,13,13,31,0,21,10,5,9
Zotu1152,0,0,0,0,0,0,5,7,3,5,0,3,12,0,10,0,16,4
Zotu1159,0,0,0,0,0,0,3,9,0,0,5,11,21,6,15,3,4,10
Zotu1168,0,5,0,19,0,0,0,0,0,0,0,0,0,0,0,0,0,0
Zotu1169,0,0,0,0,0,0,3,4,0,6,29,10,12,0,6,6,5,24
Zotu1173,0,0,0,0,0,0,9,5,0,11,12,18,13,6,3,0,9,12
Zotu1175,0,0,0,0,0,3,0,0,0,0,0,0,0,5,0,0,0,0
Zotu1176,0,0,11,0,0,8,0,0,0,0,0,0,0,0,0,0,0,0
Zotu118,45,468,3,47,3,56,3,0,0,0,0,0,0,0,0,0,0,0
Zotu1181,0,0,0,0,0,0,22,0,16,8,0,0,0,8,0,0,0,17
Zotu1183,0,0,0,0,0,0,22,13,0,15,8,0,3,0,0,7,10,12
Zotu1184,0,0,0,0,0,0,3,5,0,0,4,3,14,3,11,4,4,0
Zotu1189,0,0,0,0,0,0,0,8,8,6,4,0,0,20,17,20,0,15
Zotu1197,0,0,0,0,0,40,0,0,0,0,0,0,0,0,0,0,0,0
Zotu1198,0,0,0,0,0,0,7,4,0,12,13,6,13,7,5,3,17,8
Zotu12,6441,44,168,203,314,6149,420,337,139,134,269,172,295,179,88,80,58,114
Zotu1201,0,0,0,0,0,0,4,4,0,4,8,4,7,0,4,0,10,27
Zotu1209,0,0,0,0,0,0,0,7,3,4,17,8,9,4,0,6,10,8
Zotu1210,0,0,0,0,0,17,11,0,0,31,3,0,6,6,3,0,0,9
Zotu1211,0,0,0,0,0,0,5,0,0,22,0,3,7,0,0,6,6,5
Zotu122,59,195,0,28,0,14,24,26,136,109,40,228,76,240,24,185,81,303
Zotu1222,0,0,0,0,0,0,6,6,0,12,6,11,7,0,0,5,4,16
Zotu1223,0,13,0,44,0,0,0,0,0,0,0,0,0,0,0,0,0,0
Zotu123,0,0,0,0,0,0,315,241,25,366,292,295,166,146,188,116,214,282
Zotu1230,5,0,0,0,0,0,14,16,0,6,16,7,0,6,12,0,0,0
Zotu1240,9,0,0,0,0,0,0,0,0,0,10,0,0,0,10,9,9,5
Zotu1241,0,0,0,0,0,0,0,4,20,0,0,0,0,0,0,11,0,6
Zotu1242,0,0,0,0,0,0,0,0,3,14,0,0,0,0,0,8,0,16
Zotu1247,0,0,0,0,0,10,0,0,0,0,0,0,0,0,0,0,0,0
Zotu125,0,0,0,0,0,0,109,141,218,81,12,0,11,238,220,516,226,394
Zotu1250,0,0,0,0,0,0,9,12,0,5,8,0,5,0,9,0,17,8
Zotu1251,5,16,0,0,0,0,0,0,0,0,0,0,0,0,0,0,0,0
Zotu1252,25,0,0,0,0,22,0,0,0,0,0,0,0,0,5,0,0,0
Zotu1254,0,0,0,0,0,0,3,4,9,0,0,0,0,0,17,16,6,9
Zotu1256,13,0,0,0,0,0,7,10,0,10,4,8,6,5,10,0,5,0
Zotu1258,0,0,0,0,0,0,0,4,0,4,11,8,0,3,0,0,8,21
Zotu1259,0,0,0,0,0,0,5,9,0,6,18,7,21,0,4,3,0,12
Zotu1261,0,0,0,0,0,0,8,3,9,6,0,4,0,0,0,0,12,0
Zotu1266,0,0,0,0,0,0,0,0,0,0,0,0,0,12,22,23,11,21
Zotu1267,0,0,0,4,10,16,0,0,0,0,0,0,0,0,0,0,0,0
Zotu1268,0,0,5,0,0,3,0,39,7,0,0,13,0,0,0,4,5,0
Zotu1269,0,0,0,0,0,0,8,3,0,0,0,0,0,13,6,13,3,20
Zotu127,0,0,0,0,0,0,267,258,57,486,111,139,80,193,270,160,266,337
Zotu1275,0,0,0,0,0,0,13,8,0,18,6,18,17,10,13,0,6,4
Zotu1278,0,0,0,0,3,0,0,0,0,0,0,0,0,0,0,0,0,0
Zotu1280,0,0,0,0,0,0,0,0,0,23,0,3,0,0,9,0,8,5
Zotu1289,0,0,0,0,0,0,8,15,0,3,9,6,14,6,0,0,6,6
Zotu1290,0,0,0,0,0,0,26,27,0,6,3,6,16,3,0,0,0,3
Zotu1297,0,0,0,0,0,0,0,14,0,0,0,0,0,18,0,9,0,16
Zotu1298,0,0,0,0,0,0,3,16,4,4,0,0,7,0,0,4,4,11
Zotu1302,0,0,19,0,0,0,5,5,0,8,3,14,7,0,3,13,0,12
Zotu1303,0,0,0,16,0,35,0,0,0,0,0,0,0,0,0,0,0,0
Zotu1304,0,0,0,0,7,8,0,0,0,0,0,0,0,0,0,0,0,0
Zotu1309,0,0,0,0,0,0,15,26,0,0,4,0,6,0,0,0,9,9
Zotu1315,0,0,0,0,0,0,5,7,0,0,0,0,0,14,0,18,0,12
Zotu1316,0,0,0,0,0,0,12,19,0,0,0,0,0,14,5,9,0,15
Zotu1318,0,3,0,36,12,0,0,0,0,0,0,0,0,0,0,0,0,0
Zotu1322,0,0,0,0,0,0,4,9,0,7,19,22,3,6,5,0,4,3
Zotu1323,0,0,0,0,0,0,6,4,0,6,18,11,0,12,5,0,5,5
Zotu133,0,0,12,0,0,6,227,229,55,331,171,146,113,116,200,138,220,275
Zotu1331,0,0,0,0,0,0,6,0,10,26,0,0,0,0,0,7,0,5
Zotu1334,0,7,0,16,0,8,0,3,0,3,9,9,4,12,0,7,6,0
Zotu1336,0,0,0,0,0,0,15,17,0,0,0,5,0,0,6,8,11,9
Zotu1338,0,0,0,0,0,0,8,0,0,22,0,0,0,10,26,9,4,16
Zotu1339,0,0,0,0,0,0,14,30,0,11,6,5,0,3,0,5,0,6
Zotu134,15,0,23,0,0,11,249,302,50,333,169,159,114,198,222,152,235,290
Zotu1341,0,3,0,4,0,0,0,3,0,0,6,4,5,0,0,5,0,0
Zotu1345,0,0,0,0,0,0,0,4,0,12,10,7,4,8,4,6,3,5
Zotu1349,0,0,0,0,0,0,0,0,0,6,4,0,0,10,7,9,4,40
Zotu135,1429,9,33,0,0,4,20,45,7,6,6,3,0,5,0,0,0,0
Zotu1350,0,0,0,0,0,0,12,8,0,7,12,15,19,0,11,5,7,0
Zotu1355,0,0,0,0,0,0,16,0,0,0,13,8,22,7,3,0,10,3
Zotu1357,0,0,0,0,0,0,14,3,0,3,10,4,0,0,7,0,4,7
Zotu1360,0,0,0,0,0,0,0,5,0,3,3,0,0,0,3,0,0,8
Zotu1362,0,0,0,0,0,0,0,8,5,6,0,0,0,9,5,15,0,3
Zotu1366,0,0,0,0,0,6,0,0,0,0,0,0,0,0,0,0,0,0
Zotu1369,0,0,0,0,0,0,0,0,0,8,0,6,0,6,0,10,7,17
Zotu1371,0,0,0,0,0,0,0,0,0,0,0,0,6,7,12,19,5,10
Zotu1374,0,0,0,0,0,0,4,0,0,38,0,0,0,0,0,0,0,4
Zotu1375,0,0,0,0,0,0,26,0,0,5,7,8,0,0,5,0,6,14
Zotu1376,0,0,0,0,0,0,6,7,0,3,12,8,8,0,0,6,3,10
Zotu1377,6,0,0,0,0,0,10,3,9,4,16,5,5,0,5,3,8,3
Zotu1378,0,0,0,0,0,0,5,13,0,4,12,0,0,5,9,5,3,11
Zotu1381,0,0,0,0,0,0,14,0,9,33,0,0,0,0,0,0,0,0
Zotu1383,39,0,0,0,0,0,0,0,0,0,0,0,0,0,0,0,0,0
Zotu1384,0,0,0,0,0,0,8,8,0,0,10,3,7,0,9,0,0,10
Zotu1388,0,9,0,3,0,0,0,0,4,0,3,0,0,0,0,0,0,0
Zotu1394,0,0,0,0,0,0,0,0,3,10,0,0,0,0,6,4,5,5
Zotu1397,0,0,0,0,0,0,5,0,0,0,9,4,0,10,0,0,0,0
Zotu1400,0,0,0,0,0,0,10,0,4,0,0,0,0,6,0,16,0,13
Zotu1401,0,0,0,0,0,0,0,3,0,0,9,29,18,4,13,0,0,0
Zotu1403,0,0,0,0,0,0,9,0,0,10,26,10,18,0,3,0,0,0
Zotu1404,0,0,0,0,0,9,0,0,0,0,5,5,0,0,4,5,4,10
Zotu1405,0,6,0,6,0,0,0,0,0,18,0,10,0,0,0,7,0,8
Zotu141,4,406,4,131,13,13,47,66,19,157,0,6,7,19,16,62,103,189
Zotu1412,0,0,0,0,0,0,15,15,0,34,0,0,0,0,0,0,0,0
Zotu1414,34,8,14,0,0,0,0,6,0,0,0,0,0,0,0,0,0,0
Zotu1415,0,6,0,0,0,6,0,0,0,0,0,0,0,0,0,0,0,0
Zotu1416,6,16,0,0,0,0,4,0,0,6,0,0,0,0,0,0,0,0
Zotu1420,0,0,0,0,0,0,0,3,0,0,0,0,0,0,28,14,0,11
Zotu1423,0,0,0,0,0,0,0,0,0,0,0,0,0,6,4,0,0,0
Zotu1427,0,0,0,0,0,0,0,0,0,0,0,0,0,0,48,0,0,0
Zotu1429,0,0,0,0,0,0,0,0,0,4,6,17,6,12,17,12,0,5
Zotu143,85,38,262,72,76,112,51,59,20,132,119,127,120,135,131,90,81,98
Zotu1432,0,0,0,0,0,0,6,13,0,3,3,5,18,7,8,8,0,4
Zotu1437,0,0,0,0,0,0,26,13,0,32,0,0,8,0,0,0,0,3
Zotu1444,0,0,0,0,0,0,14,4,0,0,7,0,7,16,4,8,4,4
Zotu1446,10,0,19,6,0,0,0,0,0,0,0,0,0,0,9,0,0,0
Zotu1452,0,0,0,0,0,0,0,0,4,20,0,0,0,0,0,4,4,6
Zotu1463,0,0,0,0,0,0,9,6,4,7,12,0,0,7,0,0,0,0
Zotu1466,0,0,0,0,0,0,0,0,6,0,0,0,0,12,0,25,3,3
Zotu1467,0,0,0,0,0,0,0,6,0,0,3,0,0,0,10,8,11,22
Zotu1469,0,0,0,0,0,0,0,0,0,0,10,5,15,13,9,3,0,6
Zotu1470,0,0,0,0,0,0,0,17,0,0,3,0,0,0,18,23,0,8
Zotu1471,0,0,0,0,0,0,8,11,0,0,4,9,8,0,0,3,12,6
Zotu1473,0,0,0,0,0,0,0,5,5,0,0,0,0,18,0,8,3,5
Zotu1475,0,0,0,0,0,10,0,0,0,0,0,0,0,0,4,6,7,14
Zotu1480,0,0,0,0,0,0,0,0,0,3,0,12,0,12,13,0,7,4
Zotu1483,0,0,0,0,0,0,0,0,0,3,0,0,0,14,8,8,9,8
Zotu1484,0,0,0,0,0,0,0,0,5,3,0,0,0,0,15,8,0,11
Zotu1488,0,0,0,0,0,0,4,7,0,0,5,7,5,0,0,8,0,5
Zotu149,42,7,0,0,0,0,214,195,40,261,171,135,106,277,392,300,255,259
Zotu1491,0,12,0,0,11,8,0,0,0,0,0,0,0,0,0,0,0,0
Zotu1500,0,10,0,4,0,0,10,12,3,0,0,0,4,0,14,0,0,3
Zotu1501,0,0,0,0,0,0,10,0,0,0,0,0,0,21,0,14,0,6
Zotu1502,0,0,0,0,0,0,4,23,0,0,0,0,0,10,9,7,0,3
Zotu1506,0,0,0,0,0,0,3,6,0,5,0,16,12,5,7,0,5,6
Zotu1507,0,0,0,0,0,0,8,0,0,16,6,6,8,3,3,3,0,10
Zotu1510,0,0,0,0,0,0,10,7,0,11,11,3,7,3,9,0,3,5
Zotu1511,0,0,0,0,0,0,0,6,0,5,9,10,22,5,7,5,0,0
Zotu1516,0,0,0,0,0,16,0,0,0,0,0,0,0,0,0,0,0,0
Zotu1517,41,8,0,0,0,0,0,0,0,0,0,0,0,0,0,0,3,0
Zotu152,0,0,0,0,0,0,158,193,261,208,34,17,11,134,122,174,139,227
Zotu1520,0,0,0,0,0,0,0,3,0,3,0,3,0,0,3,0,12,3
Zotu1521,0,0,0,0,0,0,0,0,0,5,0,0,0,11,0,0,0,0
Zotu1522,17,0,0,0,0,0,3,3,0,35,0,0,0,0,0,0,3,0
Zotu1523,0,4,0,12,0,0,0,0,0,3,3,11,0,0,0,0,0,0
Zotu1524,0,0,42,0,7,0,0,0,0,4,0,0,3,0,0,0,0,3
Zotu1528,0,0,0,0,0,6,0,0,0,0,3,0,0,0,0,10,0,7
Zotu153,170,19,0,6,6,80,320,415,153,217,39,38,65,31,99,72,54,81
Zotu1534,0,3,3,0,0,0,0,0,0,0,0,0,0,0,0,0,0,0
Zotu1535,0,7,0,0,0,0,0,0,0,0,0,0,0,0,0,0,0,0
Zotu1536,0,0,0,0,0,37,0,0,0,0,0,0,0,0,0,0,0,0
Zotu1549,0,0,0,0,0,0,3,0,0,8,15,0,17,12,0,6,0,9
Zotu1552,0,0,0,0,6,0,0,4,12,0,0,4,0,0,5,4,0,7
Zotu1555,0,0,0,0,0,0,0,0,4,6,0,0,0,3,0,8,0,9
Zotu1556,0,0,0,0,0,0,6,6,6,0,0,0,0,0,3,5,0,0
Zotu1558,0,0,0,0,0,0,0,14,0,3,4,6,0,5,19,0,5,3
Zotu1560,0,0,0,0,0,0,5,0,3,0,0,0,0,10,3,8,0,17
Zotu1561,0,0,0,0,0,0,4,0,9,0,0,0,0,0,0,0,4,8
Zotu1566,0,0,5,0,0,0,4,0,0,3,15,0,0,22,6,3,0,0
Zotu1570,0,0,0,0,0,0,4,11,5,0,0,0,0,0,5,12,4,7
Zotu1574,0,0,0,0,0,0,5,6,0,3,5,0,0,0,0,0,0,3
Zotu1576,0,0,0,0,0,0,4,0,0,0,0,0,0,0,6,6,5,12
Zotu1578,0,0,0,0,0,0,0,0,0,4,0,0,0,0,4,0,0,9
Zotu1579,0,0,0,0,0,0,0,0,0,11,0,0,0,17,0,0,4,14
Zotu1580,0,0,0,0,0,0,0,9,0,0,9,6,11,0,5,0,0,17
Zotu1582,0,0,0,0,0,0,9,4,0,0,3,18,8,7,3,0,0,4
Zotu1594,0,0,0,0,0,0,8,0,0,9,0,0,18,3,5,0,7,8
Zotu1595,0,0,0,0,0,0,0,0,0,0,3,0,0,0,0,0,3,3
Zotu1598,0,8,0,0,0,30,0,0,0,0,0,0,0,0,0,0,0,0
Zotu160,174,77,0,4,32,51,28,16,95,96,151,289,83,127,103,100,88,173
Zotu1600,0,0,0,0,0,0,0,5,8,14,0,0,0,0,0,10,7,3
Zotu1602,0,0,0,0,0,0,7,0,4,0,0,0,0,0,15,0,0,0
Zotu1603,0,0,0,0,0,0,0,0,8,0,0,0,0,4,0,4,0,0
Zotu1604,0,0,0,0,0,0,12,0,3,7,4,10,6,9,3,0,0,5
Zotu161,0,719,0,6,0,0,17,0,32,50,0,3,12,8,3,33,14,82
Zotu1611,0,0,0,0,0,9,0,0,0,0,0,0,0,0,0,0,0,0
Zotu1613,0,0,0,0,0,0,8,11,10,0,0,0,0,0,0,5,0,0
Zotu1616,0,0,0,0,0,0,11,11,0,4,6,0,3,0,0,3,0,0
Zotu1617,0,0,0,0,0,0,0,0,0,0,0,0,3,0,7,0,0,0
Zotu163,81,0,0,0,0,162,137,184,17,111,78,85,86,53,55,32,41,97
Zotu1631,0,0,0,0,0,0,0,0,0,42,0,0,0,0,0,0,0,0
Zotu1632,0,0,0,0,0,0,5,19,0,0,0,11,0,3,4,3,3,3
Zotu1634,0,0,0,0,0,0,0,0,0,0,0,0,0,0,13,26,10,8
Zotu1640,0,0,0,0,0,0,0,0,5,0,4,0,0,3,12,6,0,9
Zotu1644,0,0,0,0,17,0,3,9,0,0,0,0,0,0,0,3,0,0
Zotu1645,3,0,0,0,3,0,0,6,5,0,0,0,5,0,3,0,4,5
Zotu1646,0,3,0,8,0,14,0,0,0,0,0,0,0,0,0,0,0,0
Zotu1648,0,0,0,0,0,5,0,0,0,0,0,0,0,0,4,0,0,0
Zotu1649,0,0,0,0,0,0,0,5,7,0,0,0,0,0,0,20,4,5
Zotu1650,0,0,0,0,0,0,15,6,0,7,0,0,0,0,0,7,0,0
Zotu1655,3,0,0,4,0,3,0,0,0,0,0,0,0,0,0,0,0,5
Zotu1658,0,0,0,0,0,0,0,3,5,3,0,0,0,0,7,12,0,3
Zotu1659,0,0,0,0,0,0,0,0,5,51,0,0,0,0,0,4,0,0
Zotu166,0,0,0,0,0,7,151,125,10,291,120,104,63,98,143,131,133,228
Zotu1665,0,0,0,0,0,0,7,3,0,12,5,0,11,0,0,0,11,4
Zotu1667,0,0,0,0,4,0,0,15,0,0,0,0,3,0,0,0,0,3
Zotu1668,0,0,0,0,0,0,0,0,0,0,3,0,0,11,0,11,5,3
Zotu1669,0,0,0,0,0,0,0,0,0,13,0,4,0,7,4,4,5,4
Zotu1670,0,0,0,0,0,0,4,17,0,0,0,0,0,6,0,8,0,0
Zotu1672,30,0,0,0,0,0,0,0,0,0,0,0,0,0,0,0,0,0
Zotu1673,0,0,8,0,0,0,0,0,0,0,0,19,0,11,0,0,0,0
Zotu168,0,0,0,0,0,0,20,0,0,43,307,367,249,308,229,117,253,336
Zotu1681,0,0,0,0,0,0,0,0,0,0,4,0,0,9,3,0,4,0
Zotu1682,0,0,3,0,0,0,0,0,0,0,9,0,6,0,11,11,0,4
Zotu1683,0,0,0,0,0,0,0,0,0,0,4,0,9,0,0,5,6,11
Zotu1684,0,0,0,0,0,0,0,4,0,0,9,5,0,0,0,0,0,0
Zotu169,14,0,9,0,0,4,197,174,52,241,129,120,85,132,155,111,213,218
Zotu1690,0,0,0,0,0,0,3,0,5,14,0,0,0,5,0,5,0,4
Zotu1696,0,0,0,0,0,0,0,0,0,0,3,11,4,0,33,0,0,3
Zotu1697,0,0,0,0,0,0,6,0,3,6,13,17,0,8,0,0,0,4
Zotu1700,0,0,0,0,0,0,0,0,0,0,0,0,0,14,7,29,0,0
Zotu1701,0,21,0,0,0,3,0,0,0,0,0,0,0,0,0,0,0,0
Zotu1704,0,0,0,0,0,0,3,0,4,3,0,0,0,0,5,6,3,5
Zotu1705,0,0,0,0,0,0,7,0,19,0,0,0,0,0,3,5,0,7
Zotu1706,0,0,0,0,0,0,0,0,12,0,0,0,0,0,3,0,9,8
Zotu1711,0,0,0,0,0,0,0,3,0,0,0,0,0,0,0,10,9,0
Zotu1712,0,0,0,0,0,0,0,0,0,0,0,0,0,9,7,16,8,5
Zotu1715,0,0,0,0,0,0,0,0,0,0,30,0,0,3,3,3,5,6
Zotu1719,0,0,0,0,0,0,0,0,0,7,0,0,0,0,16,0,9,12
Zotu1723,47,0,0,14,0,0,0,0,0,0,0,0,0,0,0,0,0,0
Zotu1725,0,0,0,0,0,27,0,0,0,0,0,0,0,0,0,0,0,3
Zotu1728,0,0,0,0,0,0,0,0,7,0,0,0,5,0,0,0,5,0
Zotu1731,0,0,0,0,0,0,13,0,9,0,0,0,0,0,0,0,0,6
Zotu1732,0,0,0,0,0,0,0,9,0,15,0,0,0,3,0,0,7,19
Zotu1743,0,0,0,0,0,0,0,0,0,8,0,5,0,0,21,0,4,8
Zotu1745,0,0,0,0,0,0,4,0,0,11,0,0,0,0,0,0,0,0
Zotu1746,0,0,0,0,0,0,5,9,0,4,11,6,4,0,3,7,0,0
Zotu175,0,0,0,0,0,0,128,139,301,50,14,0,5,112,71,252,66,73
Zotu1750,0,0,0,0,0,0,8,4,0,29,0,0,0,6,0,0,0,0
Zotu1751,0,0,0,0,0,0,0,0,0,0,0,0,0,8,6,3,6,24
Zotu1752,0,7,0,0,8,0,0,0,0,0,0,0,0,0,0,0,0,0
Zotu1762,0,0,0,0,0,0,0,7,0,10,3,0,10,0,7,6,0,5
Zotu1764,0,0,0,0,0,0,0,0,0,0,0,0,0,9,3,14,15,6
Zotu1766,0,4,0,0,0,0,7,0,0,0,0,0,0,0,0,0,0,0
Zotu1769,0,6,0,29,0,0,0,0,0,0,0,0,0,0,0,0,0,0
Zotu1778,0,0,0,0,0,0,0,0,3,0,0,0,0,3,0,0,0,3
Zotu1780,0,0,0,0,0,0,15,15,0,4,0,0,0,0,0,0,6,0
Zotu1787,0,0,0,0,0,0,7,0,8,5,0,0,0,0,0,5,0,7
Zotu1788,0,0,0,0,0,0,3,4,5,0,0,0,0,0,3,4,0,0
Zotu1789,0,0,0,0,6,0,0,0,0,0,0,0,0,0,11,3,0,16
Zotu1797,0,0,0,0,0,0,0,0,0,0,18,0,0,4,0,8,9,3
Zotu1798,0,0,0,0,0,0,0,7,0,0,10,3,0,0,7,0,8,0
Zotu1799,0,0,0,0,0,0,18,4,3,11,4,0,8,0,0,0,0,0
Zotu1805,0,0,0,0,0,0,9,0,0,3,0,0,0,0,8,6,0,6
Zotu1806,0,0,0,0,0,0,14,4,0,0,0,0,0,3,0,8,0,3
Zotu1811,0,0,0,0,0,0,4,6,0,9,0,3,0,3,0,0,0,6
Zotu1812,0,0,0,0,0,0,10,15,9,0,0,0,0,3,0,0,0,4
Zotu1813,0,0,0,0,0,0,0,0,0,0,0,0,0,0,8,5,0,9
Zotu1814,0,0,0,0,0,0,0,6,0,0,0,0,0,0,6,0,4,10
Zotu1816,0,0,0,0,0,0,0,0,0,0,5,0,0,7,5,4,11,15
Zotu1818,0,0,0,0,0,0,6,0,0,3,5,9,5,0,0,4,0,5
Zotu1822,12,0,0,0,0,8,0,0,0,0,0,0,0,0,0,0,0,0
Zotu1823,6,0,6,0,0,0,0,0,0,0,0,0,0,0,0,0,0,0
Zotu1825,0,0,0,0,3,0,0,0,5,3,0,5,0,6,5,8,0,3
Zotu183,0,0,0,0,0,13,132,134,32,250,148,109,104,150,119,89,178,231
Zotu1832,0,0,0,0,0,0,0,0,0,0,9,0,0,0,0,4,8,9
Zotu1839,0,0,0,0,0,0,0,3,15,3,0,0,0,0,0,6,0,0
Zotu1846,0,0,0,0,0,0,47,0,0,11,0,0,0,0,0,0,0,0
Zotu1849,19,0,0,0,0,0,0,0,0,0,0,0,0,0,0,0,0,0
Zotu1850,0,0,0,0,0,0,4,7,0,0,0,0,0,5,0,11,0,5
Zotu1859,0,0,0,0,0,0,0,0,0,26,0,0,0,0,9,4,0,13
Zotu1860,0,0,0,0,0,0,10,0,0,6,8,0,0,0,6,7,0,0
Zotu1866,0,0,46,0,0,0,0,0,0,0,0,0,0,0,0,0,0,0
Zotu1867,0,0,0,0,0,0,0,0,0,0,0,0,6,0,0,0,3,0
Zotu1869,0,0,0,0,0,0,6,5,0,0,0,0,0,0,0,8,3,0
Zotu187,65,22,88,43,157,260,16,7,0,8,0,0,0,0,0,0,0,0
Zotu1871,0,24,0,3,0,9,0,0,0,0,0,0,5,0,0,0,0,0
Zotu1874,0,0,0,0,0,0,0,21,0,0,0,0,0,0,6,4,0,0
Zotu1875,0,0,0,0,0,0,11,0,0,0,0,0,10,8,12,4,0,4
Zotu1877,0,0,0,0,0,18,0,0,0,3,0,0,0,0,7,0,0,0
Zotu1879,0,0,0,0,0,0,0,8,0,0,0,0,0,0,3,3,0,6
Zotu1884,0,0,0,0,0,20,0,0,0,8,0,0,0,3,6,0,0,5
Zotu1885,0,0,0,0,0,0,0,0,4,0,0,0,0,0,0,8,0,16
Zotu1886,0,0,0,0,0,0,0,12,0,0,0,0,0,4,0,17,0,3
Zotu1887,0,0,0,0,0,0,0,0,0,0,0,0,0,4,6,17,0,5
Zotu1889,0,0,0,0,0,0,3,6,0,9,0,0,0,0,7,0,0,0
Zotu1890,0,0,0,0,0,0,0,0,0,0,6,0,0,0,9,0,13,0
Zotu1896,0,0,0,0,0,0,0,0,0,12,0,0,0,5,0,0,4,20
Zotu1899,0,0,0,0,0,0,0,0,0,0,0,0,0,0,10,0,0,0
Zotu19,769,81,36,54,77,413,979,1054,232,1783,1064,1029,763,683,1435,686,944,988
Zotu1903,0,0,0,0,0,7,0,0,0,6,0,0,0,0,13,3,12,3
Zotu1906,0,0,0,0,0,0,0,4,0,0,0,6,6,0,3,0,9,0
Zotu1907,0,0,0,5,0,0,4,0,0,0,15,0,4,0,3,0,0,0
Zotu1909,0,0,0,0,0,0,0,4,5,0,4,0,0,0,0,13,0,5
Zotu191,0,0,0,0,0,0,163,73,18,221,125,171,98,170,139,142,127,231
Zotu1911,0,0,0,0,0,0,5,0,0,0,6,3,7,0,0,0,0,0
Zotu1913,0,0,0,0,0,0,0,3,0,4,5,6,9,4,5,4,0,3
Zotu1914,0,0,0,0,0,0,5,8,0,3,4,0,14,0,0,4,0,7
Zotu1925,0,0,0,0,0,0,19,0,0,0,0,0,0,0,0,10,11,3
Zotu1929,18,0,0,0,0,0,4,0,0,0,0,0,0,6,0,0,4,5
Zotu193,74,54,77,5,19,343,27,8,0,13,15,14,17,3,28,12,16,20
Zotu1930,0,0,0,0,0,0,0,0,0,0,3,6,3,0,0,0,0,16
Zotu1937,0,0,0,0,6,6,0,0,0,0,0,0,0,0,0,0,0,0
Zotu1939,0,0,0,14,6,17,0,0,0,0,0,0,0,0,0,0,0,0
Zotu1943,0,0,0,0,0,0,0,5,7,0,0,0,0,0,0,0,0,0
Zotu1944,0,0,0,0,0,0,3,6,6,0,0,0,0,0,3,0,0,0
Zotu1945,0,0,0,0,0,0,5,0,0,22,0,0,0,6,0,0,3,11
Zotu1946,0,0,0,0,0,0,0,0,0,3,0,0,0,0,0,0,0,0
Zotu1949,0,0,0,0,0,0,11,0,0,0,15,0,3,0,0,0,10,6
Zotu1951,0,0,0,0,0,0,4,0,0,5,4,6,9,0,0,0,10,6
Zotu1956,0,0,0,30,0,0,0,0,0,0,0,0,0,0,0,0,0,0
Zotu1975,0,0,0,0,0,0,0,0,0,0,0,0,0,13,7,9,0,9
Zotu1977,6,0,0,11,0,0,0,0,0,0,0,0,0,0,0,0,0,0
Zotu1978,25,0,0,0,0,0,0,0,0,0,0,0,0,0,0,0,0,0
Zotu198,0,0,0,5,95,463,145,119,38,133,0,0,0,0,0,0,0,0
Zotu1980,0,0,28,0,9,0,0,3,0,0,0,0,0,0,0,0,0,0
Zotu1983,0,0,0,0,0,0,3,0,10,0,0,0,0,0,10,0,4,4
Zotu1990,0,0,0,0,0,0,0,4,0,0,3,7,6,0,8,9,0,4
Zotu1991,0,0,0,0,0,0,0,0,0,6,0,0,8,0,0,0,0,14
Zotu1994,0,0,0,0,0,0,9,0,0,3,0,0,0,0,0,0,0,0
Zotu1995,0,0,0,0,0,0,0,0,0,15,0,0,0,0,3,0,11,0
Zotu1996,0,0,0,0,0,0,0,7,0,0,0,0,0,3,0,0,0,3
Zotu200,191,10,0,14,40,113,0,0,0,0,0,0,0,0,0,0,4,3
Zotu2003,0,12,0,13,0,0,0,0,0,0,0,0,0,0,0,0,0,0
Zotu2005,0,0,0,0,0,0,0,7,0,0,0,0,11,0,3,0,4,0
Zotu2012,0,0,0,0,0,0,0,0,4,0,0,0,0,12,0,0,0,7
Zotu2014,0,0,0,0,0,0,0,0,3,10,0,0,0,5,0,0,9,8
Zotu2016,0,0,0,0,0,0,10,7,0,0,0,0,0,0,0,0,0,0
Zotu2018,12,0,0,14,0,0,0,0,0,0,0,0,0,0,0,0,0,3
Zotu2020,0,0,0,0,0,0,0,0,0,0,7,10,6,0,5,5,0,9
Zotu2022,0,0,0,0,0,0,0,0,0,3,0,0,0,12,5,6,0,17
Zotu2023,0,0,0,0,0,0,0,0,0,7,0,0,0,0,0,0,8,13
Zotu2024,0,0,0,0,0,0,0,0,0,0,0,0,0,5,9,12,0,6
Zotu2025,0,0,0,0,0,0,0,0,0,0,0,0,0,3,6,19,6,14
Zotu2026,0,0,0,0,0,0,0,14,0,0,0,0,0,0,9,0,0,0
Zotu2027,0,0,0,0,0,0,0,0,0,0,0,0,0,0,0,7,4,6
Zotu2029,0,9,0,0,3,0,0,0,0,0,0,0,0,0,0,0,0,0
Zotu2030,0,3,0,0,0,0,0,0,0,0,0,0,0,0,0,0,0,0
Zotu2033,0,0,0,0,0,0,0,0,0,0,0,0,0,10,0,0,3,9
Zotu2037,0,0,0,0,0,0,0,0,8,3,0,0,0,0,0,0,5,0
Zotu2038,0,0,0,0,0,0,0,0,5,0,0,0,0,0,0,6,4,18
Zotu204,100,0,17,5,0,0,153,146,13,96,206,293,189,209,111,46,103,183
Zotu2040,0,0,0,0,0,0,0,0,0,0,0,0,0,3,0,4,4,0
Zotu2046,0,0,0,0,0,0,0,3,0,0,7,0,0,0,10,0,0,6
Zotu2047,0,0,0,0,0,0,0,0,0,0,8,0,9,0,0,0,3,8
Zotu205,104,28,77,94,35,440,0,0,0,0,0,0,0,0,10,0,0,3
Zotu2050,0,0,0,0,0,0,8,0,0,7,0,6,12,0,0,0,0,5
Zotu2051,0,0,0,0,0,0,0,0,0,0,0,0,3,0,3,0,4,3
Zotu2056,15,0,0,0,0,0,0,0,0,0,0,0,0,0,6,0,0,4
Zotu206,0,201,0,48,0,46,3,0,0,0,0,0,0,0,0,0,0,0
Zotu2066,0,0,0,0,0,0,3,4,7,0,0,0,0,0,5,0,0,3
Zotu2069,0,0,0,0,0,0,4,0,3,7,0,0,0,0,6,5,0,3
Zotu2070,0,0,0,0,0,0,0,0,8,0,0,0,0,0,0,0,0,0
Zotu2071,0,0,0,0,0,0,0,0,7,0,0,0,0,8,12,10,0,0
Zotu2073,0,0,0,0,0,3,6,0,3,0,0,0,0,0,0,0,0,0
Zotu208,0,0,0,0,0,0,38,40,8,98,85,124,94,211,289,217,249,302
Zotu2080,0,0,0,0,0,0,0,4,0,0,0,0,0,0,5,13,0,5
Zotu2087,0,0,0,0,0,0,6,11,0,0,0,0,0,0,0,4,0,4
Zotu2088,0,0,0,0,0,0,0,0,0,0,0,0,0,8,6,11,0,17
Zotu209,0,11,0,8,8,17,22,29,9,60,182,112,79,134,310,145,155,360
Zotu2091,0,0,0,0,0,0,0,0,0,20,0,0,0,0,0,0,0,0
Zotu2092,0,0,0,0,0,0,0,0,0,18,0,0,0,5,0,0,0,10
Zotu2095,0,0,0,0,0,0,15,4,0,0,12,0,0,0,0,0,3,8
Zotu2096,0,0,3,0,0,0,0,0,0,0,5,3,10,4,0,0,0,4
Zotu210,4,0,31,0,0,0,97,63,8,245,209,137,117,166,163,97,131,233
Zotu2100,0,0,0,0,0,0,6,0,0,0,5,0,0,0,0,15,6,0
Zotu2101,0,0,0,0,0,0,5,3,0,0,3,0,0,12,5,7,0,0
Zotu2105,0,0,0,0,0,0,3,4,0,0,0,0,0,15,0,6,0,5
Zotu211,35,0,3,0,0,4,140,120,25,116,190,121,111,77,242,99,110,111
Zotu2112,0,0,0,0,0,4,0,0,0,0,0,0,0,8,0,0,7,9
Zotu2115,0,0,0,0,0,0,0,0,9,0,0,0,0,0,3,0,0,0
Zotu2116,0,0,0,0,0,0,0,7,3,0,0,5,0,0,0,0,0,3
Zotu2117,0,0,0,0,0,0,0,0,0,0,0,0,0,0,3,10,10,4
Zotu2119,0,0,0,0,0,0,0,0,0,14,0,0,0,0,0,0,0,0
Zotu2120,0,0,0,0,0,0,5,0,4,0,0,0,0,5,0,6,5,0
Zotu2121,0,0,0,0,0,0,0,12,4,0,0,6,0,0,0,0,0,0
Zotu2123,0,0,0,0,0,0,0,0,4,0,0,0,0,0,0,0,0,0
Zotu2124,0,0,0,0,0,15,0,0,0,4,4,0,0,0,0,0,0,0
Zotu2126,0,0,0,0,0,0,7,0,0,0,0,0,0,3,0,13,0,4
Zotu2129,0,0,0,0,0,0,5,6,0,0,0,0,0,0,4,0,0,0
Zotu213,17,74,0,97,0,104,4,0,0,0,3,0,0,3,4,0,9,19
Zotu2130,0,0,0,0,0,0,3,0,0,0,0,0,5,5,0,11,0,0
Zotu2133,0,0,0,0,0,0,0,0,0,0,0,0,6,20,0,3,0,8
Zotu2137,0,0,0,0,0,0,0,0,0,10,0,0,0,14,0,0,0,0
Zotu2138,0,0,0,0,0,0,0,4,0,0,0,0,4,0,0,0,0,0
Zotu2139,0,0,0,0,0,0,5,0,0,0,0,0,0,0,0,0,3,3
Zotu214,0,5,3,7,7,89,36,58,16,74,234,145,32,115,117,53,95,90
Zotu2141,0,0,0,0,0,0,0,7,0,10,0,5,0,0,5,3,0,0
Zotu2144,0,0,0,0,0,0,6,0,0,7,0,0,3,0,0,0,0,0
Zotu2145,0,0,0,0,0,0,0,0,0,0,0,0,0,19,3,0,6,0
Zotu2146,0,0,0,0,0,0,0,0,0,8,0,0,0,0,4,0,4,8
Zotu2148,0,0,0,0,0,0,0,0,0,6,0,9,6,0,9,0,0,0
Zotu215,75,18,48,0,28,143,42,64,10,42,18,33,33,13,23,25,16,31
Zotu2152,0,0,4,0,0,0,0,0,0,0,0,8,0,6,0,0,0,0
Zotu2153,0,0,0,0,0,0,0,12,0,3,0,0,0,4,0,5,4,3
Zotu2158,0,0,0,0,0,0,8,14,0,0,0,0,0,3,6,0,0,0
Zotu216,0,0,0,0,0,0,109,155,21,287,43,35,14,121,149,51,151,227
Zotu2160,0,0,0,0,0,0,4,0,3,3,0,0,0,0,0,3,0,3
Zotu2162,0,0,0,0,0,0,0,3,0,0,0,0,3,11,10,0,0,4
Zotu2163,0,0,0,0,0,0,0,0,4,0,0,0,0,0,22,0,0,10
Zotu2168,0,0,0,0,0,0,3,0,0,0,0,0,0,0,0,0,0,4
Zotu2170,0,0,0,0,0,0,0,0,0,6,0,0,0,7,11,0,0,3
Zotu2171,0,0,0,0,0,0,0,4,0,0,3,5,0,0,3,0,12,3
Zotu2172,0,0,0,0,0,0,0,0,0,0,6,0,0,11,0,0,3,14
Zotu2173,0,0,0,0,0,0,9,9,0,3,5,6,0,0,0,0,4,0
Zotu2179,0,0,0,0,0,0,0,0,0,0,0,0,0,7,0,3,7,3
Zotu2180,0,0,0,0,0,0,0,0,0,0,0,0,0,3,7,15,6,0
Zotu2181,0,0,0,0,0,0,0,0,0,0,0,0,0,21,0,0,0,3
Zotu2186,0,0,0,0,0,8,0,0,0,0,0,0,0,0,0,0,0,0
Zotu2187,0,0,0,0,0,8,0,0,0,0,0,0,0,0,3,0,0,0
Zotu2189,0,0,0,0,0,0,0,0,5,3,0,0,0,0,0,0,0,0
Zotu2192,0,0,0,0,0,0,0,3,0,12,0,0,0,6,0,0,3,0
Zotu2194,0,0,0,0,0,0,3,0,3,3,0,0,0,0,0,0,0,4
Zotu2195,0,0,0,0,0,0,0,6,3,0,0,0,0,0,5,8,0,7
Zotu2196,0,0,0,0,0,0,0,0,0,5,0,0,0,0,0,0,0,0
Zotu2197,0,0,0,0,0,0,0,0,0,8,0,0,0,4,0,0,0,6
Zotu220,10,0,5,0,0,8,160,167,46,222,93,91,58,89,122,70,117,144
Zotu2200,0,0,0,0,0,0,0,0,0,0,12,0,0,4,0,0,9,0
Zotu2201,0,0,0,0,0,0,0,0,0,0,4,0,0,0,0,0,0,5
Zotu2211,0,0,0,0,0,0,0,4,0,0,0,0,0,3,6,5,0,3
Zotu2216,0,0,0,0,0,0,0,0,0,0,0,0,0,3,0,9,0,8
Zotu2217,0,0,0,0,0,0,0,3,0,0,0,0,0,11,7,0,0,4
Zotu2218,0,0,0,0,0,0,0,0,0,10,0,0,0,0,16,5,0,3
Zotu2221,0,0,0,0,0,0,0,0,0,0,0,4,0,0,0,0,7,4
Zotu2222,0,0,0,0,0,0,0,0,0,21,0,0,0,12,0,0,0,0
Zotu2227,0,0,0,0,0,0,16,0,0,0,7,3,8,3,0,0,0,4
Zotu2229,0,0,0,0,0,0,0,5,0,0,3,0,0,0,11,0,8,0
Zotu223,27,0,0,0,0,12,73,91,16,118,67,43,46,71,103,55,172,150
Zotu2230,0,0,0,0,0,0,0,16,0,0,0,0,0,0,0,0,0,0
Zotu2237,0,0,0,0,0,0,0,0,0,0,0,0,0,21,0,0,4,7
Zotu2238,0,0,0,0,0,0,3,0,0,0,0,0,0,9,0,0,8,3
Zotu2241,0,0,0,0,5,0,0,5,0,0,0,0,5,0,0,0,3,0
Zotu2242,0,0,0,21,0,0,0,0,0,0,0,0,0,0,0,0,0,0
Zotu2245,0,0,0,0,0,0,0,3,0,0,0,0,0,0,3,9,0,4
Zotu2248,0,0,0,0,0,0,12,10,4,0,0,0,0,0,0,0,0,0
Zotu2250,0,0,0,0,0,0,5,3,3,0,0,0,0,0,0,7,0,0
Zotu2251,0,0,0,0,0,0,0,8,4,4,0,0,0,0,0,3,0,0
Zotu2252,0,0,0,0,0,0,3,0,0,0,0,0,0,0,4,0,3,7
Zotu2258,0,0,0,0,0,0,5,4,0,0,3,0,0,5,5,0,3,7
Zotu2260,0,0,0,0,0,0,5,7,0,3,3,9,0,0,0,0,4,0
Zotu2264,0,0,0,0,0,0,0,0,0,0,0,3,0,0,0,0,0,0
Zotu2266,0,0,0,0,0,0,3,0,0,8,0,0,0,0,11,5,0,0
Zotu227,0,173,0,238,69,8,3,0,0,0,0,0,0,0,0,0,0,0
Zotu2277,0,0,0,0,0,0,0,0,0,0,0,0,0,0,0,0,3,6
Zotu2279,0,0,4,0,0,0,11,4,3,0,0,0,0,0,0,0,0,0
Zotu2281,0,0,0,0,0,0,0,3,0,4,0,0,3,0,0,3,0,0
Zotu2285,0,0,0,0,0,0,0,0,0,0,0,0,0,7,12,0,5,9
Zotu2287,0,0,0,0,0,0,0,10,0,3,10,0,8,0,0,0,0,7
Zotu2290,0,0,0,0,0,0,0,4,0,0,5,8,0,5,0,6,5,0
Zotu2291,0,0,0,0,0,0,0,0,0,4,0,0,6,0,0,0,0,10
Zotu2293,0,0,0,0,0,0,0,0,0,3,0,0,0,0,0,4,0,8
Zotu2296,0,0,0,0,0,0,0,0,0,0,3,0,0,0,0,0,0,0
Zotu2297,0,0,0,0,0,0,0,0,0,0,0,0,0,0,7,8,3,0
Zotu2298,0,0,0,0,0,0,0,0,0,0,0,0,0,5,0,3,0,0
Zotu2299,0,0,0,0,0,0,0,0,0,0,0,0,0,13,0,0,0,0
Zotu230,51,3,552,62,0,0,14,21,0,301,9,35,15,43,70,26,63,60
Zotu2301,0,0,0,0,0,0,0,7,0,0,0,0,0,0,6,0,0,5
Zotu2304,5,0,0,0,0,0,0,0,0,0,0,0,0,0,0,0,0,0
Zotu2305,27,0,0,0,0,0,0,0,0,0,0,0,0,0,0,0,0,0
Zotu2308,0,12,0,0,0,0,0,0,0,0,0,0,0,0,0,0,0,0
Zotu2309,0,0,0,0,0,0,0,0,0,0,0,0,3,0,0,0,0,0
Zotu2314,0,0,0,0,0,8,0,0,0,0,0,0,4,0,0,0,4,9
Zotu2316,0,0,0,0,0,17,0,0,0,0,0,0,0,0,0,0,0,0
Zotu232,163,0,413,10,0,0,9,16,0,12,3,0,4,11,0,8,7,16
Zotu2321,0,3,0,0,0,0,0,0,0,0,0,0,0,0,0,0,0,0
Zotu2333,0,0,30,0,0,0,0,0,0,3,0,0,0,0,0,0,0,0
Zotu2334,0,0,0,0,0,0,0,0,0,0,0,0,0,10,0,6,0,0
Zotu2339,0,0,0,0,0,0,0,0,0,0,0,0,0,0,0,17,5,6
Zotu2342,30,0,0,0,0,0,0,0,0,0,0,0,0,0,0,0,0,0
Zotu2348,0,0,0,0,0,0,0,15,0,4,0,7,0,0,4,0,0,3
Zotu2351,0,0,0,0,0,0,3,7,0,6,0,0,0,0,0,0,9,4
Zotu2352,0,0,0,0,0,0,0,0,0,34,0,0,0,0,0,0,0,0
Zotu2355,0,0,0,0,0,0,0,0,0,0,0,0,0,0,0,0,0,4
Zotu2359,0,0,0,0,0,0,0,0,0,0,7,0,0,4,9,0,0,0
Zotu2361,0,0,0,0,0,0,0,0,0,6,6,0,0,0,5,5,4,8
Zotu2364,0,0,0,0,0,0,0,0,0,0,0,0,0,4,0,0,3,3
Zotu2366,0,0,0,0,0,0,3,0,0,0,0,8,0,5,0,3,5,0
Zotu2367,0,0,0,0,0,0,3,5,0,10,0,0,0,3,0,0,0,5
Zotu2370,0,0,0,0,0,0,0,4,0,0,0,0,0,0,24,0,0,0
Zotu2372,0,0,0,0,0,0,0,0,0,20,0,0,0,0,0,0,0,4
Zotu2373,0,0,0,0,0,0,0,0,0,0,0,0,0,12,0,3,6,4
Zotu2374,37,0,0,0,0,0,0,0,0,0,0,0,0,0,0,0,0,0
Zotu2376,0,0,0,0,0,0,0,4,0,0,0,0,0,0,0,0,8,0
Zotu238,0,0,0,0,0,0,219,343,81,110,45,21,20,39,136,75,67,129
Zotu2382,0,0,0,3,0,18,0,0,0,0,0,0,0,0,0,0,0,0
Zotu2385,0,0,0,0,0,0,0,0,7,4,0,0,0,4,0,0,12,5
Zotu2386,0,0,0,0,0,0,4,0,0,3,0,0,0,13,0,6,0,0
Zotu2392,0,0,0,0,0,0,0,0,0,0,9,0,7,9,0,0,0,0
Zotu2395,0,0,0,0,0,0,0,0,4,0,0,0,0,0,0,0,0,5
Zotu2396,0,0,0,0,0,0,0,0,0,9,4,0,0,0,0,0,4,14
Zotu2398,0,0,0,0,0,0,0,0,0,0,0,0,0,0,0,4,0,0
Zotu2399,0,0,0,0,0,0,0,13,0,0,0,0,0,0,0,0,0,0
Zotu24,1444,112,993,352,252,1720,551,539,156,384,216,236,181,160,127,97,133,208
Zotu2401,0,0,0,0,0,0,0,3,0,0,0,0,0,6,12,4,0,3
Zotu2402,0,0,0,0,0,0,0,0,0,0,0,0,0,0,5,9,4,0
Zotu2408,0,0,0,0,6,0,0,3,0,0,0,0,4,0,0,0,0,3
Zotu2409,0,0,0,0,0,16,0,0,0,0,0,0,0,0,0,0,0,0
Zotu2412,0,0,0,0,0,0,0,0,0,18,0,7,4,0,0,0,0,5
Zotu2413,0,0,0,0,0,0,0,0,0,0,0,0,0,21,3,0,0,3
Zotu2414,0,0,0,0,0,0,0,4,0,0,0,0,0,0,0,0,11,0
Zotu2415,0,0,0,0,0,0,0,0,0,0,0,0,0,0,8,0,0,0
Zotu2416,4,0,0,0,0,0,0,0,0,0,0,0,0,0,0,0,0,0
Zotu2417,0,0,0,0,0,0,0,0,0,0,23,0,10,0,0,3,0,0
Zotu2419,0,0,0,0,0,0,4,0,0,3,5,0,0,0,0,0,0,0
Zotu2420,0,0,0,0,0,0,0,0,0,0,0,3,0,0,12,5,4,3
Zotu2421,0,0,0,0,0,0,0,0,0,0,3,0,0,0,7,0,4,0
Zotu2425,0,0,0,0,0,0,0,5,0,0,0,0,0,0,0,0,0,0
Zotu2429,0,0,0,0,0,0,3,0,0,0,0,0,0,0,0,3,0,0
Zotu2430,0,0,0,0,0,0,4,0,0,0,0,0,0,6,4,3,0,5
Zotu2432,0,0,0,0,0,0,0,0,0,0,0,3,0,5,0,0,6,4
Zotu2433,0,0,0,0,0,0,7,0,0,5,0,0,0,0,0,0,16,0
Zotu2434,0,0,0,0,0,0,0,0,0,3,0,0,0,0,0,4,7,20
Zotu2435,0,0,0,0,0,0,5,0,0,0,0,0,4,0,9,0,0,0
Zotu2436,0,0,0,0,0,0,0,0,0,0,0,0,0,0,28,0,0,0
Zotu2437,0,6,0,0,0,0,0,0,0,0,0,0,0,0,0,0,0,0
Zotu2438,0,0,0,9,0,0,0,0,0,0,0,0,0,0,0,0,0,0
Zotu2442,0,0,0,0,0,0,0,0,4,3,0,0,0,0,0,0,0,0
Zotu2443,7,0,0,0,3,0,0,0,0,0,0,0,0,0,0,0,0,0
Zotu2445,0,0,0,0,0,0,0,4,3,10,0,0,0,0,0,0,0,5
Zotu2449,0,0,0,0,0,0,0,0,0,0,0,0,0,0,0,0,12,3
Zotu2450,0,0,0,0,0,0,0,0,0,0,0,0,0,0,3,6,0,5
Zotu2451,0,0,0,0,0,0,0,0,0,0,0,0,0,6,0,3,0,3
Zotu2452,0,0,0,0,0,0,0,0,0,14,0,0,0,0,4,0,9,0
Zotu2454,0,0,0,0,0,0,0,0,0,5,0,0,0,5,0,7,0,0
Zotu2457,0,0,0,0,0,0,6,0,0,0,0,5,0,0,0,8,0,0
Zotu2459,0,0,0,0,0,0,0,4,0,3,4,4,3,0,0,0,0,0
Zotu2462,0,0,0,0,0,0,0,0,0,7,0,0,0,0,9,0,0,0
Zotu2463,0,0,0,0,0,0,0,0,0,0,3,0,0,13,0,5,0,0
Zotu2465,0,0,0,0,0,0,6,3,0,0,0,0,0,0,3,5,0,4
Zotu2466,0,0,0,0,0,0,0,0,0,0,0,3,3,0,8,0,0,0
Zotu2467,0,0,0,0,0,0,0,0,0,0,0,0,0,0,3,10,0,6
Zotu2468,0,0,0,0,0,0,0,0,0,0,0,0,0,0,9,6,6,8
Zotu2469,0,0,0,0,0,0,0,3,0,0,0,0,0,0,0,0,0,7
Zotu2470,0,0,0,0,0,0,7,5,0,0,0,0,0,0,14,0,0,0
Zotu2479,0,0,0,0,0,0,3,3,0,0,0,0,0,16,0,6,4,0
Zotu2483,0,0,0,0,0,0,13,5,0,0,0,0,0,0,0,0,0,0
Zotu2484,0,0,0,0,0,0,0,0,5,0,0,0,0,6,4,6,0,0
Zotu2486,0,0,0,0,0,0,0,0,0,12,0,0,0,0,0,0,0,0
Zotu2487,0,0,0,0,0,0,0,0,0,0,0,0,0,0,0,8,0,4
Zotu2489,0,0,0,0,0,0,0,0,0,0,0,0,0,3,5,6,0,0
Zotu249,0,0,0,0,0,0,268,202,30,233,89,56,46,83,67,25,75,146
Zotu2490,0,0,0,0,0,0,0,0,4,0,0,0,0,4,3,18,0,0
Zotu2494,0,0,0,0,0,0,0,0,0,0,0,0,0,7,0,3,0,12
Zotu2497,0,0,0,0,3,0,7,0,0,0,3,0,0,0,3,0,7,0
Zotu250,21,0,0,0,0,4,63,68,22,88,67,68,28,27,94,52,36,78
Zotu2501,0,0,0,0,0,0,0,0,0,0,0,0,0,6,0,12,9,7
Zotu2503,0,0,0,0,0,0,0,0,0,0,0,0,0,0,23,0,0,8
Zotu2506,0,0,0,0,0,0,0,0,0,0,0,0,0,0,0,5,0,7
Zotu2507,0,0,0,0,0,0,4,0,0,0,0,0,0,0,5,0,0,13
Zotu2508,0,0,0,0,0,0,0,5,0,0,0,14,0,0,0,0,0,0
Zotu2510,0,0,0,0,0,0,0,0,0,0,0,0,0,0,7,0,0,0
Zotu2521,0,0,0,0,0,0,0,0,6,0,0,0,0,9,0,0,0,0
Zotu2522,0,0,0,0,0,0,12,0,0,0,0,0,0,0,0,0,0,7
Zotu2525,0,0,0,0,0,0,0,0,0,0,0,3,0,6,0,0,5,0
Zotu2527,0,0,0,0,0,0,0,0,0,11,0,0,0,12,0,0,0,0
Zotu2533,0,0,0,0,0,0,0,0,0,10,0,0,0,0,0,6,0,0
Zotu2536,0,0,0,0,0,0,0,0,0,17,0,0,0,10,0,0,0,3
Zotu2537,0,0,0,0,0,0,0,0,0,0,14,9,0,0,0,0,0,0
Zotu254,0,0,0,0,0,48,95,60,10,150,57,55,37,76,97,54,72,112
Zotu2544,0,0,0,0,0,0,0,0,0,4,0,0,0,8,0,0,8,0
Zotu2548,0,0,6,0,0,0,0,0,0,0,0,0,0,0,0,0,0,0
Zotu2549,0,0,0,0,0,0,0,0,0,0,0,0,0,0,6,9,0,0
Zotu255,23,139,0,3,26,77,42,17,47,27,13,44,25,33,8,13,42,74
Zotu2555,0,0,6,0,0,0,0,0,0,0,0,12,0,4,0,0,0,0
Zotu2564,0,0,0,0,0,0,0,0,0,6,0,0,0,0,4,5,0,0
Zotu2566,0,0,0,0,0,0,0,0,3,4,0,0,0,0,0,0,0,0
Zotu2567,0,0,0,0,0,0,8,16,0,0,0,0,0,0,0,0,0,0
Zotu2573,0,0,0,0,0,0,7,0,0,4,0,0,0,0,0,0,0,0
Zotu2575,0,0,0,0,0,0,4,0,0,6,8,4,3,0,0,0,0,0
Zotu2578,0,0,0,0,0,0,0,0,0,0,5,0,0,3,7,0,3,3
Zotu2579,0,0,0,0,0,3,0,0,0,0,0,0,0,0,0,15,0,8
Zotu2582,0,0,0,0,0,0,0,4,0,9,0,0,0,0,0,3,0,10
Zotu2587,0,0,0,0,0,0,0,13,0,0,0,0,0,0,0,3,0,0
Zotu2588,0,0,0,0,0,0,11,0,0,0,0,18,0,0,0,0,0,0
Zotu2589,0,0,0,0,0,0,0,0,0,0,0,0,0,0,0,9,5,0
Zotu2590,0,0,0,0,0,0,0,5,0,0,0,0,11,7,0,6,0,0
Zotu2592,0,0,0,0,0,0,0,6,0,9,0,0,0,0,3,0,5,0
Zotu2593,0,0,0,0,0,0,0,0,0,0,0,0,0,9,0,16,0,0
Zotu2594,0,0,0,0,0,0,0,0,0,5,0,0,0,7,0,0,4,15
Zotu26,2708,68,5421,259,425,359,0,13,3,21,12,15,0,4,8,14,0,3
Zotu2604,0,0,0,0,0,0,0,3,0,0,0,0,0,0,0,0,0,5
Zotu2608,0,0,0,0,0,0,0,0,0,5,0,0,0,0,0,9,0,0
Zotu2609,0,0,0,0,0,0,0,0,5,0,0,0,0,3,0,8,0,0
Zotu2613,0,0,0,0,0,0,0,0,0,7,0,8,5,0,7,0,0,0
Zotu2620,0,0,0,0,0,0,0,0,0,0,4,0,0,4,0,5,0,0
Zotu2624,0,0,0,0,0,0,0,0,0,0,0,3,0,0,0,0,0,0
Zotu2625,0,0,0,0,0,0,0,0,0,7,11,7,6,0,0,0,0,0
Zotu2626,0,0,0,0,0,0,0,0,5,0,0,0,0,0,6,0,0,0
Zotu2628,0,0,0,0,0,0,0,0,0,0,8,0,0,7,3,0,0,0
Zotu2629,0,0,0,0,0,0,5,0,4,0,0,0,0,0,0,0,0,0
Zotu263,4,0,0,0,0,6,103,143,29,150,89,67,58,56,94,59,97,106
Zotu2633,0,0,0,0,0,0,0,0,0,0,0,0,0,31,0,0,0,0
Zotu2634,25,0,0,0,0,0,0,0,0,0,0,0,0,0,5,0,0,0
Zotu2635,0,0,0,0,0,0,0,0,0,0,0,0,0,0,0,19,0,0
Zotu2638,0,0,0,0,0,0,0,0,0,9,0,0,0,0,0,0,0,4
Zotu2643,0,7,0,0,0,0,0,0,0,0,0,0,0,0,0,0,0,0
Zotu265,0,0,0,0,0,0,127,122,17,91,99,86,73,71,106,70,101,121
Zotu2650,0,0,0,0,0,0,0,5,0,9,0,0,0,0,0,3,3,0
Zotu2651,0,0,0,0,0,0,0,0,3,0,0,0,0,4,0,0,3,5
Zotu2653,0,0,0,0,0,0,0,0,0,0,0,0,0,10,0,0,0,3
Zotu2658,0,0,0,0,0,0,4,0,0,7,0,0,0,9,0,0,0,0
Zotu2662,0,0,0,0,0,0,0,6,0,0,0,0,4,0,0,0,0,0
Zotu2663,0,0,0,0,0,0,0,0,0,0,6,0,0,0,0,0,8,8
Zotu2667,0,0,0,0,0,0,0,0,0,0,6,0,0,0,0,0,0,0
Zotu2669,0,0,0,0,0,0,0,0,0,0,26,3,0,0,0,0,0,0
Zotu267,0,68,0,0,0,18,0,0,30,0,0,0,0,0,0,0,3,0
Zotu2670,0,0,0,0,0,0,0,0,0,0,4,0,0,7,3,0,9,3
Zotu2671,0,0,0,0,0,0,0,0,0,0,3,0,0,0,0,0,0,0
Zotu2675,0,0,0,0,0,0,0,0,0,0,0,0,0,8,0,9,0,0
Zotu2676,0,0,0,0,0,0,0,5,0,0,0,0,0,7,0,8,0,0
Zotu2678,0,0,0,0,0,0,0,9,0,0,0,0,0,0,3,0,7,0
Zotu2679,0,0,0,0,0,0,0,0,0,0,0,0,0,6,0,0,0,0
Zotu268,36,0,117,36,4,62,16,4,10,89,32,16,18,146,194,48,122,159
Zotu2682,0,0,0,0,0,0,3,0,0,0,0,0,0,0,0,0,0,0
Zotu2683,0,0,0,0,0,0,0,0,0,0,0,0,0,5,0,9,3,5
Zotu2684,0,0,0,0,0,0,7,4,0,0,0,0,0,0,0,0,0,11
Zotu2687,0,7,0,0,0,0,0,0,0,0,0,0,0,0,0,0,0,0
Zotu269,0,0,0,0,0,0,66,16,5,55,101,88,80,91,85,43,63,84
Zotu2692,0,3,23,0,0,0,0,0,0,0,0,0,0,0,0,0,0,0
Zotu2698,0,0,0,0,0,0,0,16,0,0,0,0,0,0,0,0,7,0
Zotu2699,0,0,0,0,0,0,8,5,0,0,0,0,0,0,0,0,0,5
Zotu27,2477,200,565,291,270,1900,56,60,23,131,22,11,23,12,52,6,12,8
Zotu2704,0,0,0,0,0,0,0,0,0,15,0,0,0,0,0,0,0,0
Zotu2714,0,0,0,0,0,0,0,0,0,0,8,0,0,3,0,0,0,4
Zotu2721,0,0,0,0,0,0,8,0,0,4,0,0,0,0,5,3,0,3
Zotu2722,0,0,0,0,0,0,0,0,0,0,0,3,0,0,4,9,0,0
Zotu2725,0,0,0,0,0,0,0,0,0,0,0,0,0,21,0,0,0,5
Zotu2727,0,0,0,0,0,0,0,0,0,4,0,0,0,0,0,3,0,0
Zotu2729,0,0,0,0,0,0,0,0,0,0,0,0,0,0,0,0,14,6
Zotu2731,0,0,0,0,0,0,0,0,0,4,0,0,0,3,0,0,0,0
Zotu2732,4,0,0,0,0,3,0,3,0,0,0,0,0,0,0,0,0,0
Zotu2733,0,0,0,0,0,0,0,0,0,0,0,0,0,0,3,5,0,0
Zotu2734,0,0,0,0,0,0,0,0,0,13,0,0,0,0,0,3,0,0
Zotu2735,17,0,0,0,0,0,0,0,0,0,0,0,0,0,0,0,0,0
Zotu2739,0,0,0,0,0,0,0,0,0,0,0,0,0,0,0,3,0,0
Zotu2743,0,0,0,0,0,0,0,0,7,0,0,0,0,0,0,7,0,4
Zotu2744,0,0,0,0,0,0,0,0,6,0,0,0,0,0,0,0,0,4
Zotu2749,0,0,0,0,0,0,0,4,0,0,0,0,0,0,0,0,0,0
Zotu2750,0,0,0,0,0,0,0,4,0,0,0,0,0,0,0,0,0,4
Zotu2754,0,0,0,0,0,0,3,0,0,3,0,0,0,0,0,5,0,8
Zotu2757,0,0,16,0,0,0,0,0,0,0,0,0,0,0,0,0,0,0
Zotu2766,0,0,3,0,0,0,0,0,0,0,4,0,0,18,0,3,0,0
Zotu2767,0,0,0,0,0,0,0,0,0,0,10,0,0,3,10,4,0,0
Zotu2768,0,0,0,0,0,0,0,0,0,0,9,0,12,0,0,0,0,0
Zotu2770,0,0,0,0,0,0,5,0,0,0,3,0,0,0,0,0,0,0
Zotu2772,0,0,0,0,0,0,0,0,3,0,7,0,0,5,0,0,0,0
Zotu2774,0,0,0,0,0,0,0,0,0,0,0,0,0,8,0,0,0,5
Zotu2777,0,0,0,0,0,0,0,0,0,0,4,0,0,4,0,0,0,6
Zotu2778,0,0,0,0,0,0,3,0,0,0,0,0,0,3,0,4,0,8
Zotu2780,0,0,0,0,0,0,0,3,6,0,0,9,0,0,0,0,0,0
Zotu2781,0,0,0,0,0,0,0,3,0,0,0,0,0,4,0,0,0,15
Zotu2782,0,0,0,0,0,0,0,0,0,4,0,0,0,3,0,0,4,3
Zotu2784,0,0,0,0,0,0,13,6,0,0,0,0,0,0,0,6,0,0
Zotu2785,0,0,0,0,0,0,0,0,0,0,0,0,0,0,0,5,12,0
Zotu2786,0,0,0,0,0,0,0,0,0,0,0,4,4,5,4,0,0,4
Zotu2787,0,0,0,0,0,0,3,0,0,0,0,0,0,0,0,0,0,0
Zotu2788,0,0,0,0,0,0,0,0,0,0,0,11,0,3,3,6,0,3
Zotu2789,0,0,0,0,0,0,5,3,0,0,0,0,0,0,0,5,0,0
Zotu2797,0,0,0,0,0,5,0,0,0,0,0,0,0,0,0,0,0,0
Zotu2798,0,0,4,0,3,0,0,0,0,0,0,0,0,0,0,0,0,0
Zotu2801,0,0,27,0,0,0,0,0,0,0,0,0,0,0,0,0,0,0
Zotu2802,0,0,27,0,0,0,0,0,0,0,0,0,0,0,0,0,0,0
Zotu2804,0,0,3,21,0,0,0,0,0,0,0,0,0,0,0,0,0,0
Zotu2815,0,0,0,3,0,0,0,0,0,0,0,0,0,0,3,0,0,0
Zotu2817,22,0,0,0,0,0,0,0,0,0,0,0,0,0,0,0,0,0
Zotu2822,0,0,0,0,0,0,0,0,0,0,0,0,0,0,0,0,4,0
Zotu2823,0,0,0,0,0,0,0,0,0,12,0,0,0,0,0,0,0,0
Zotu2824,0,0,0,0,0,0,0,0,0,10,0,3,0,4,5,0,0,0
Zotu283,19,87,0,0,0,0,7,11,5,306,3,0,0,0,80,40,40,101
Zotu2831,0,0,0,0,0,0,0,0,0,0,0,0,0,0,8,0,0,0
Zotu2833,0,0,0,0,0,0,0,0,0,6,6,4,0,0,7,0,0,0
Zotu2834,0,0,0,0,0,0,0,0,0,3,12,0,0,3,3,0,0,0
Zotu2836,0,0,0,0,0,0,8,0,0,0,0,0,3,0,0,0,0,0
Zotu2848,0,0,0,0,0,0,3,4,0,0,0,0,0,0,0,5,4,3
Zotu2849,0,0,0,0,0,0,10,0,0,0,0,0,0,0,0,0,0,0
Zotu2857,0,0,0,0,0,0,0,0,0,0,0,0,0,0,0,0,0,4
Zotu2858,0,0,0,0,0,0,0,0,0,3,0,0,0,0,6,0,0,0
Zotu2861,0,0,0,5,0,0,0,0,0,0,0,0,0,0,0,0,0,0
Zotu2863,6,0,3,0,0,0,0,0,0,0,0,0,0,0,0,0,0,0
Zotu2870,0,0,0,0,0,0,0,0,0,0,0,0,0,0,0,0,0,3
Zotu2876,0,0,0,0,0,7,0,0,0,0,0,0,0,0,0,0,0,0
Zotu2878,0,0,0,0,0,0,0,5,0,0,0,0,0,0,0,12,0,5
Zotu2880,0,0,0,0,0,0,0,0,3,6,0,0,0,0,0,0,0,0
Zotu2885,0,0,0,0,0,0,0,0,0,0,0,0,5,10,0,0,5,0
Zotu2889,0,0,0,0,0,0,0,0,0,0,0,0,0,0,6,0,0,0
Zotu2890,0,0,4,0,0,0,8,0,0,0,0,0,0,0,0,0,0,0
Zotu2893,0,0,0,0,0,0,0,10,0,0,0,3,0,0,0,0,0,3
Zotu2896,0,0,0,0,0,0,0,0,0,0,0,3,0,0,0,0,0,0
Zotu2899,0,0,0,0,0,0,0,0,0,0,0,0,0,7,0,0,0,4
Zotu290,0,0,0,0,0,8,128,175,30,180,22,31,38,56,30,28,24,69
Zotu2901,0,0,0,0,0,0,0,8,0,0,0,0,0,0,0,3,0,4
Zotu2907,0,0,0,0,0,0,0,3,0,0,0,7,0,0,0,0,4,6
Zotu2908,0,0,0,0,0,0,0,0,0,0,0,0,0,8,0,0,3,0
Zotu2909,0,0,0,0,0,0,0,0,0,0,0,0,0,14,0,0,0,5
Zotu291,0,219,0,3,4,16,0,0,0,0,0,0,0,0,0,0,0,0
Zotu2910,0,0,0,0,0,0,0,0,0,0,0,9,0,0,0,0,0,4
Zotu2911,0,0,0,0,0,0,0,0,0,0,0,0,0,3,0,3,0,0
Zotu2912,0,0,0,0,0,0,0,7,0,7,0,0,5,0,0,0,0,0
Zotu2915,0,0,0,0,0,0,0,0,0,3,0,0,0,4,4,0,0,6
Zotu2916,0,0,0,0,0,0,0,0,0,0,0,5,4,0,0,0,0,5
Zotu2917,0,0,0,0,0,10,0,0,0,0,0,0,0,0,0,0,4,0
Zotu292,46,0,0,5,0,10,67,52,20,52,110,69,50,36,75,58,43,73
Zotu2929,0,0,0,0,0,3,0,0,0,0,0,0,0,0,0,0,0,0
Zotu2936,0,0,0,0,0,0,0,0,0,7,0,0,0,0,0,0,0,4
Zotu2937,0,0,0,0,0,0,0,4,0,4,0,4,0,0,0,0,0,0
Zotu2938,0,0,0,0,0,0,0,0,0,0,0,0,0,0,0,18,0,5
Zotu2941,0,0,0,0,0,0,0,0,0,9,0,0,0,0,0,0,0,0
Zotu2942,0,0,0,0,0,0,0,0,0,9,0,0,0,5,0,0,0,0
Zotu2944,0,0,17,0,0,0,0,0,0,0,0,0,0,0,0,0,0,4
Zotu2947,0,0,0,0,0,0,0,0,0,0,0,0,0,0,0,5,0,0
Zotu2948,0,0,0,0,0,0,0,3,0,0,0,0,3,0,0,0,0,0
Zotu295,54,0,0,0,0,10,66,41,15,64,137,91,66,26,81,28,65,62
Zotu2954,0,0,0,0,0,0,9,0,0,0,0,0,8,0,0,0,0,0
Zotu2955,0,0,0,0,0,0,3,7,0,0,0,5,0,0,0,4,0,0
Zotu2956,0,0,0,0,0,0,0,0,0,3,3,0,8,0,3,0,0,0
Zotu2962,0,0,0,0,0,0,0,0,0,0,0,3,0,0,0,0,11,8
Zotu2963,0,0,0,0,0,0,9,3,0,0,0,0,0,0,0,4,0,0
Zotu2964,0,0,0,0,0,0,0,0,0,0,0,0,0,4,0,7,0,0
Zotu2966,0,0,0,0,0,0,0,0,0,0,0,0,0,0,4,0,0,3
Zotu2969,0,0,0,0,0,0,0,0,0,0,0,0,0,0,0,0,0,9
Zotu297,0,0,0,0,0,0,52,39,126,10,0,0,0,37,30,104,97,81
Zotu2970,0,0,0,0,0,0,0,0,0,0,0,0,0,0,0,0,0,3
Zotu2971,0,0,0,0,0,0,5,0,0,0,0,0,4,0,0,0,0,0
Zotu2972,0,0,0,0,0,0,0,6,0,0,0,0,0,0,0,0,3,0
Zotu2977,3,0,0,0,0,0,0,3,0,0,0,0,0,0,0,0,0,0
Zotu2981,0,4,0,7,0,0,0,0,0,0,0,0,0,0,0,0,0,0
Zotu2992,0,0,0,0,0,3,0,0,0,0,0,0,0,0,0,0,0,0
Zotu2995,0,0,0,0,0,0,0,0,4,0,0,0,0,0,0,5,0,0
Zotu2996,0,0,0,0,0,0,0,0,0,10,0,0,0,0,3,4,0,0
Zotu2998,0,0,0,0,0,0,0,3,0,0,0,0,0,0,0,3,0,7
Zotu3000,0,0,0,0,0,0,0,0,0,3,0,0,0,0,0,5,6,3
Zotu3001,0,0,0,0,0,0,0,0,0,19,0,0,0,4,0,0,0,0
Zotu3003,0,0,0,0,0,0,3,0,0,0,0,0,0,0,0,0,0,0
Zotu3014,0,0,0,0,0,0,0,0,0,0,4,3,0,0,0,0,0,0
Zotu3015,0,0,0,0,0,0,0,0,0,6,3,0,0,0,0,0,3,8
Zotu3016,0,0,0,0,0,0,0,0,0,0,4,0,0,0,0,0,0,0
Zotu3017,0,0,0,0,0,0,0,0,0,0,3,0,0,0,0,0,0,0
Zotu3019,0,0,0,0,0,0,0,0,0,5,5,5,0,0,0,0,4,0
Zotu302,9,0,0,0,5,4,56,89,16,73,102,119,56,53,33,28,101,66
Zotu3024,0,0,0,0,0,0,0,0,0,0,0,0,0,0,0,14,0,0
Zotu3026,0,0,0,0,0,0,0,0,0,0,0,0,0,4,0,0,3,0
Zotu3028,0,0,0,0,0,0,0,0,0,0,0,0,0,0,17,0,0,6
Zotu3029,0,0,0,0,0,0,0,0,0,0,0,0,4,6,0,0,0,6
Zotu3030,0,0,0,0,0,0,0,0,0,0,0,0,0,11,5,0,4,0
Zotu3042,0,0,18,0,0,0,0,0,0,0,0,0,0,0,0,0,0,0
Zotu3048,0,0,0,0,0,0,0,0,0,0,0,0,3,0,0,0,0,4
Zotu305,53,0,66,0,0,11,121,113,29,172,17,17,29,37,32,44,33,41
Zotu3051,3,0,0,0,0,0,0,0,0,0,0,0,0,0,0,0,0,0
Zotu3058,0,0,0,0,0,0,0,0,3,0,0,0,0,0,0,15,0,0
Zotu3060,0,0,0,0,0,0,0,6,5,0,0,0,0,0,0,0,0,0
Zotu3063,0,0,0,0,0,0,5,0,0,5,0,0,0,0,0,0,0,0
Zotu3064,0,0,0,0,0,0,0,0,0,5,0,0,0,0,0,0,3,12
Zotu3074,0,0,0,0,0,0,0,0,0,0,0,0,0,3,0,3,12,0
Zotu3078,0,0,0,0,0,0,3,4,0,0,3,4,0,0,0,0,0,0
Zotu3081,9,0,0,4,0,0,0,0,0,0,4,0,0,0,0,0,0,0
Zotu3082,0,0,0,0,0,0,0,0,0,0,0,0,0,4,0,0,0,0
Zotu3083,0,0,0,0,0,0,0,0,0,0,0,5,9,0,3,4,0,0
Zotu3084,0,0,0,0,0,0,0,0,0,0,0,0,0,3,0,0,0,0
Zotu3086,0,0,0,0,0,0,0,0,0,0,0,0,10,3,0,0,0,4
Zotu3088,0,0,0,0,0,0,0,0,0,0,0,5,7,3,0,0,0,0
Zotu3089,0,0,0,0,0,0,0,0,0,0,0,0,0,3,0,9,0,10
Zotu309,0,0,0,0,0,0,104,110,25,67,99,49,59,55,73,67,98,100
Zotu3090,0,0,0,0,0,0,0,0,0,0,0,0,0,5,0,0,5,0
Zotu3092,0,0,0,0,0,0,0,0,0,0,0,0,0,0,0,0,7,0
Zotu3094,0,0,0,0,0,0,0,0,0,0,0,0,0,0,7,0,0,0
Zotu3096,0,0,0,0,0,0,0,0,0,0,0,7,0,0,0,4,0,4
Zotu3100,0,0,0,0,0,0,0,0,0,4,0,0,0,0,0,5,0,5
Zotu3103,0,0,0,0,0,0,0,0,0,0,0,0,0,5,7,4,0,3
Zotu3107,12,0,0,0,0,0,0,0,0,0,0,0,0,0,0,0,7,0
Zotu311,0,0,0,0,0,5,86,83,24,101,63,42,48,39,65,55,71,92
Zotu3113,0,0,0,0,9,0,0,0,0,0,0,0,0,0,0,0,0,0
Zotu312,0,0,0,0,0,0,8,46,65,9,6,4,0,85,100,113,61,102
Zotu3120,0,0,0,0,0,0,0,0,5,0,0,0,0,0,0,3,0,0
Zotu3121,0,0,0,0,0,0,0,0,3,0,0,0,0,0,0,0,0,0
Zotu3123,0,0,0,0,0,0,0,0,0,0,0,0,0,0,16,3,0,0
Zotu3130,0,0,0,0,0,0,9,12,0,0,0,0,0,0,0,0,0,0
Zotu3131,0,0,0,0,0,0,0,0,5,0,0,0,0,0,0,0,0,0
Zotu3132,0,0,0,0,0,0,0,4,0,0,0,0,3,5,0,0,0,0
Zotu3133,0,0,0,0,0,0,0,0,3,0,0,0,0,0,0,8,0,0
Zotu3136,0,0,0,0,0,0,0,0,0,3,0,0,0,0,0,0,3,0
Zotu3139,0,0,0,0,0,0,0,0,0,3,0,0,5,0,0,8,0,3
Zotu3142,0,0,0,5,0,0,0,0,0,0,0,0,0,0,0,0,0,0
Zotu3146,0,0,0,0,0,0,0,0,0,0,22,0,0,0,0,0,0,0
Zotu3147,0,0,0,0,0,0,0,0,0,3,4,0,0,0,0,0,0,0
Zotu3149,0,0,0,0,7,0,0,0,0,0,4,0,0,0,0,0,0,0
Zotu3155,7,0,0,0,0,0,0,0,0,0,3,0,0,0,0,0,0,0
Zotu3158,0,0,0,0,0,0,0,0,0,0,0,0,0,0,0,7,0,0
Zotu3159,0,0,0,0,0,0,0,7,0,0,0,0,0,0,0,9,0,0
Zotu3162,0,0,0,0,0,0,0,0,0,0,0,0,0,0,4,0,0,0
Zotu3163,0,0,0,0,0,0,0,4,0,0,0,0,0,0,0,0,0,0
Zotu3164,0,0,0,0,0,0,13,0,0,0,0,0,0,0,0,0,0,4
Zotu3165,0,0,0,0,0,0,0,0,0,0,0,0,0,0,6,0,0,0
Zotu3171,0,0,0,0,0,0,6,0,0,0,0,0,0,0,0,0,0,0
Zotu3173,0,0,0,0,0,0,0,0,0,0,0,0,0,10,0,0,7,0
Zotu3186,0,0,0,0,0,0,0,0,0,0,0,0,0,0,0,3,6,0
Zotu319,8,0,0,0,0,0,82,56,20,84,72,119,72,44,139,59,52,61
Zotu320,0,0,10,0,0,0,7,3,38,30,18,99,19,66,20,70,31,112
Zotu3203,0,0,0,0,0,0,0,0,0,7,0,9,0,0,0,0,0,3
Zotu3207,0,0,0,0,0,0,4,0,0,0,0,0,0,0,0,4,4,7
Zotu321,0,0,0,0,0,0,4,0,3,3,0,0,0,121,129,277,87,147
Zotu3216,0,0,0,0,0,0,0,7,0,0,0,0,3,0,0,0,4,0
Zotu3217,0,0,0,0,0,0,0,0,0,7,0,3,0,0,0,4,0,0
Zotu3221,0,0,0,0,0,0,0,0,0,0,0,4,0,0,0,0,0,8
Zotu3223,0,0,0,0,0,0,0,0,0,0,3,0,0,0,0,0,0,0
Zotu3225,0,0,0,0,0,0,0,0,0,4,0,3,0,0,0,0,0,8
Zotu3227,0,0,0,0,0,0,0,0,0,0,0,0,5,0,0,0,0,0
Zotu323,0,0,0,0,0,0,259,249,72,103,7,21,7,15,9,7,4,11
Zotu3230,0,0,0,0,0,0,0,0,0,0,0,0,3,0,10,0,0,0
Zotu3231,0,0,0,0,0,0,12,3,0,0,0,0,0,0,0,0,0,0
Zotu3232,0,0,0,0,0,0,9,3,0,0,0,0,0,0,0,8,0,0
Zotu3235,0,0,0,0,0,0,7,0,0,0,0,0,0,0,0,7,0,0
Zotu3236,0,0,0,0,0,0,0,0,0,0,0,0,0,0,0,4,12,0
Zotu3244,0,0,0,0,0,0,0,0,0,0,0,0,0,0,0,0,3,4
Zotu3246,0,0,0,0,0,0,0,11,0,0,0,0,0,0,0,0,0,0
Zotu3250,0,0,0,0,0,0,0,0,0,14,0,0,0,0,0,0,5,0
Zotu3260,0,0,0,0,0,0,0,0,0,0,0,0,0,0,0,4,0,6
Zotu3277,0,0,0,0,0,3,0,0,0,0,0,0,0,0,0,9,0,0
Zotu3278,6,0,0,0,0,0,0,0,0,0,0,0,0,0,0,0,0,0
Zotu3279,0,0,0,0,0,0,19,0,0,0,0,0,0,0,0,0,0,0
Zotu3281,0,0,0,0,0,0,16,4,0,0,0,0,0,0,0,0,0,0
Zotu3284,0,0,0,0,0,0,0,0,0,0,0,0,0,0,18,0,0,0
Zotu3289,0,0,0,0,0,0,0,0,3,0,0,0,0,0,0,0,0,0
Zotu329,96,44,0,0,16,196,0,0,0,0,0,0,0,0,0,0,0,0
Zotu3291,0,0,0,0,0,0,0,0,10,0,0,0,0,0,0,0,0,0
Zotu3292,0,0,0,0,0,0,4,5,0,0,0,0,0,0,0,0,0,0
Zotu3295,0,0,0,0,0,0,0,0,0,0,0,0,0,6,0,10,0,0
Zotu3298,0,0,0,0,0,0,0,5,0,0,0,0,0,0,0,3,0,0
Zotu3299,0,0,0,0,0,0,0,0,0,0,0,0,0,0,9,0,0,0
Zotu3300,0,0,0,0,0,0,0,0,0,0,0,0,0,5,0,0,3,0
Zotu3302,0,0,0,0,0,0,0,0,0,14,0,0,0,3,0,0,0,0
Zotu3306,0,0,0,0,0,0,0,0,0,3,0,0,0,0,14,0,0,0
Zotu3310,0,0,0,0,0,0,0,5,0,0,0,0,6,0,4,0,0,0
Zotu3315,0,0,0,0,0,0,0,0,0,5,0,0,0,0,0,0,0,0
Zotu3317,0,0,0,0,0,0,0,0,0,0,0,0,0,0,8,0,0,0
Zotu3319,0,0,0,0,0,0,0,9,0,4,0,0,0,0,0,0,0,0
Zotu3320,0,0,0,0,0,0,0,0,0,0,0,0,0,0,0,0,0,6
Zotu3322,0,0,0,0,0,0,0,0,0,0,4,0,0,0,0,4,0,0
Zotu3327,0,0,0,0,0,0,0,0,0,0,6,0,4,5,0,0,0,0
Zotu3329,0,0,0,0,0,0,0,0,0,7,7,0,0,0,0,0,0,3
Zotu3331,0,0,0,0,0,0,0,0,0,0,0,0,0,0,0,0,4,0
Zotu3335,0,0,0,0,0,0,0,0,0,0,0,0,0,6,0,13,0,0
Zotu3343,0,0,0,0,0,0,4,0,0,0,0,0,0,0,0,0,0,0
Zotu3346,0,0,0,0,0,0,8,0,0,0,0,0,0,0,0,0,0,0
Zotu3347,0,0,0,0,0,0,0,0,0,0,0,0,0,0,0,3,0,6
Zotu3348,0,0,0,0,0,0,0,0,0,0,0,0,0,0,0,0,3,3
Zotu3352,0,0,0,0,0,0,0,0,0,4,0,0,0,0,0,0,0,3
Zotu3357,0,0,0,0,0,5,0,0,0,0,0,0,0,0,0,0,0,0
Zotu3360,0,0,10,0,0,0,0,0,0,0,0,0,0,0,0,0,0,0
Zotu3368,0,0,0,0,0,5,0,0,0,0,0,0,0,0,0,0,0,0
Zotu3372,0,0,0,0,0,0,0,5,0,0,0,0,0,0,0,0,0,0
Zotu3377,0,0,0,0,0,0,4,0,7,0,0,0,0,0,0,4,0,0
Zotu3381,0,0,0,0,0,0,0,0,4,0,0,0,0,0,13,0,0,0
Zotu3382,0,0,0,0,0,0,6,0,0,0,0,0,0,0,0,0,0,0
Zotu3384,0,0,0,0,0,0,0,0,0,0,0,0,0,0,0,0,4,0
Zotu3388,0,0,0,0,0,0,0,0,0,0,0,0,0,0,0,5,0,0
Zotu3392,0,0,0,0,0,0,0,0,0,12,0,0,0,0,0,3,0,0
Zotu3402,0,0,0,0,0,0,0,0,0,0,0,0,0,0,0,0,0,6
Zotu3410,0,0,0,0,0,0,0,0,0,6,0,0,0,0,0,8,0,0
Zotu3411,0,0,0,0,0,0,0,0,0,0,4,0,0,0,0,0,0,4
Zotu3412,0,0,0,0,0,0,0,0,0,0,3,0,0,0,0,0,0,0
Zotu3415,0,0,0,0,0,0,5,0,0,0,7,0,0,0,0,0,0,0
Zotu342,0,0,0,0,0,0,91,39,20,171,64,38,34,66,47,38,39,60
Zotu3423,0,0,0,0,0,0,0,0,0,0,0,0,0,0,0,0,12,5
Zotu3425,0,0,0,0,0,0,0,0,0,0,0,0,19,0,0,0,0,0
Zotu3429,0,0,0,0,0,0,0,0,0,0,0,0,0,18,0,0,0,0
Zotu3430,0,0,0,0,0,0,0,0,0,0,0,4,0,0,0,3,0,0
Zotu3433,0,0,0,0,0,0,4,0,0,0,0,0,0,0,0,0,0,0
Zotu3434,0,0,0,0,0,0,0,0,0,0,0,0,0,0,15,0,0,0
Zotu3435,0,0,0,0,0,0,0,3,0,0,0,0,0,5,0,0,0,0
Zotu3436,0,0,0,0,0,0,0,0,0,0,0,0,0,0,18,0,0,0
Zotu3437,0,0,0,0,0,0,0,0,0,0,0,0,0,3,0,0,6,4
Zotu3438,0,0,0,0,0,0,3,7,0,0,0,0,0,0,0,0,0,0
Zotu3439,7,0,0,0,0,0,0,0,0,0,0,0,0,0,0,0,0,0
Zotu3440,0,5,0,0,0,0,0,0,0,4,0,0,0,0,0,0,0,0
Zotu3442,0,0,0,0,0,0,0,0,0,7,0,0,0,0,7,0,0,0
Zotu3444,0,0,0,0,0,0,0,0,0,0,0,0,0,7,0,0,0,0
Zotu3447,0,0,0,0,0,0,0,6,0,0,0,0,0,0,0,0,0,4
Zotu3453,0,15,0,0,0,0,0,0,0,0,0,0,0,0,0,0,0,0
Zotu3457,0,0,0,0,0,0,0,0,0,0,0,4,0,0,0,0,0,0
Zotu346,0,0,0,0,0,0,90,39,8,66,59,37,64,44,59,43,59,80
Zotu3469,0,0,0,0,0,0,10,0,0,0,0,0,0,0,0,0,0,0
Zotu3471,0,0,0,0,0,0,0,5,0,0,0,0,0,0,0,3,0,0
Zotu3472,0,0,0,0,0,0,0,0,5,0,0,0,0,0,0,0,0,0
Zotu3477,0,0,0,0,0,0,0,0,0,0,0,0,0,0,0,4,0,0
Zotu3478,0,0,0,0,0,0,0,0,3,0,0,0,0,0,0,0,0,3
Zotu3479,0,0,0,0,0,0,0,3,0,0,0,0,0,0,6,0,0,0
Zotu348,14,44,9,14,0,141,0,0,0,12,0,0,0,0,0,0,0,0
Zotu3481,0,0,0,0,0,0,0,0,0,0,0,0,0,6,0,0,0,4
Zotu3483,0,0,0,0,0,0,0,0,0,0,0,0,0,0,0,4,0,0
Zotu3486,0,0,0,0,0,0,0,0,0,17,0,0,0,0,0,0,0,0
Zotu3487,0,0,0,0,0,0,0,0,0,4,0,0,0,0,0,0,9,3
Zotu3488,0,0,0,0,0,0,7,0,0,6,0,0,0,0,0,0,0,0
Zotu3489,0,0,0,0,0,0,3,0,0,5,0,0,0,0,0,0,4,0
Zotu3491,0,0,0,0,0,0,0,0,0,4,0,0,0,6,3,0,0,0
Zotu3495,0,0,0,0,0,0,7,0,0,0,0,0,0,0,6,0,0,0
Zotu3496,0,0,0,0,0,0,0,0,0,0,0,0,0,0,6,4,0,0
Zotu3498,0,0,0,0,0,0,8,4,0,0,0,0,0,0,0,0,0,0
Zotu35,1142,114,2261,1069,182,928,19,22,9,48,9,3,0,24,35,15,42,54
Zotu3509,0,0,0,0,0,0,0,0,0,6,0,0,0,0,0,3,4,3
Zotu351,0,0,0,0,0,0,16,14,0,17,139,122,114,79,69,66,107,162
Zotu3510,0,0,0,0,0,0,0,0,0,6,4,0,0,0,0,0,0,0
Zotu3515,0,0,0,0,0,0,0,0,0,0,8,0,0,0,0,3,0,0
Zotu3517,0,0,0,0,0,0,0,0,0,0,0,0,0,0,0,5,0,0
Zotu3522,0,0,0,0,0,0,0,0,0,0,7,0,10,0,0,0,0,0
Zotu3523,0,0,0,0,0,0,0,0,0,0,0,0,0,0,0,6,0,0
Zotu3525,0,0,0,0,0,0,0,3,0,0,0,0,0,0,0,0,3,4
Zotu3526,0,0,0,0,0,0,0,0,4,0,0,0,0,0,0,0,0,0
Zotu3529,0,0,0,0,0,0,0,0,0,0,0,0,0,18,0,0,0,0
Zotu3531,0,0,0,0,0,0,0,0,0,0,0,0,0,0,18,0,0,0
Zotu3534,0,0,0,0,0,0,0,0,0,0,0,0,0,0,0,0,3,0
Zotu3536,0,0,0,0,0,0,0,0,0,0,0,0,0,0,0,6,0,0
Zotu3537,0,0,0,0,0,0,0,0,0,0,0,0,0,0,0,15,0,3
Zotu3539,0,0,0,0,0,0,0,0,0,0,0,0,0,0,0,3,0,0
Zotu3544,0,0,0,0,0,0,0,0,0,0,0,0,0,3,0,0,0,0
Zotu3546,0,0,0,0,0,0,0,0,0,0,0,0,0,0,15,0,0,3
Zotu3554,0,0,0,0,0,0,3,0,0,0,0,0,0,0,0,0,0,3
Zotu3555,0,0,0,0,0,0,0,0,0,9,0,0,0,0,0,0,0,0
Zotu3561,6,0,0,0,0,0,0,0,0,0,0,0,0,0,0,0,0,0
Zotu3569,0,0,0,0,0,0,0,0,0,0,0,0,0,0,0,0,0,6
Zotu3571,0,0,0,0,0,0,0,0,0,0,0,0,0,0,0,0,0,4
Zotu3573,0,0,0,0,0,17,0,0,0,0,0,0,0,0,0,0,0,0
Zotu3576,0,0,0,3,0,7,0,0,0,0,0,0,0,0,0,0,0,0
Zotu3579,0,0,0,0,0,0,0,0,0,10,0,0,0,0,0,0,0,0
Zotu3584,0,0,0,0,0,0,0,6,0,0,0,0,0,11,0,0,0,0
Zotu3585,0,0,0,0,0,0,0,9,0,0,0,0,0,0,0,0,0,0
Zotu3593,0,0,0,0,0,0,0,0,4,0,0,0,0,0,0,0,0,0
Zotu3594,0,0,0,0,0,0,0,0,0,0,0,0,0,0,0,5,0,0
Zotu3595,0,0,0,0,0,0,0,0,0,0,0,0,0,0,0,6,0,0
Zotu3597,0,0,0,0,0,0,0,0,0,0,0,0,0,5,0,0,0,0
Zotu3599,0,0,0,0,0,0,0,0,0,11,0,0,3,0,0,0,0,0
Zotu3600,0,0,0,0,0,0,0,0,0,7,0,0,0,0,0,0,0,0
Zotu3601,0,0,0,0,0,0,0,0,0,11,0,0,0,0,0,0,0,0
Zotu3604,0,0,0,0,0,0,0,0,0,0,0,0,0,0,16,0,0,0
Zotu3606,0,0,0,0,0,0,0,0,0,0,0,0,8,0,0,0,0,0
Zotu3607,0,0,0,0,0,0,0,3,0,0,0,0,0,0,7,0,0,0
Zotu3613,0,0,0,0,0,0,0,0,0,0,0,0,3,0,0,0,0,0
Zotu3614,0,0,0,0,0,0,0,0,0,0,7,0,0,0,3,0,0,0
Zotu3615,0,0,0,0,0,0,0,0,0,0,0,0,0,0,0,0,11,0
Zotu3616,0,0,0,0,0,0,0,0,0,0,8,0,0,0,0,0,0,0
Zotu3617,0,0,0,0,0,0,0,0,0,0,3,5,0,0,0,0,0,0
Zotu3619,4,0,0,0,0,0,0,0,0,0,0,3,0,0,0,0,0,4
Zotu3630,0,0,0,0,0,0,3,0,0,0,0,4,0,0,0,0,0,0
Zotu3634,0,0,0,0,0,0,0,0,0,0,0,0,0,17,0,0,0,0
Zotu3641,0,0,0,0,0,0,0,0,0,0,0,0,0,0,0,8,3,4
Zotu3645,0,0,0,0,0,0,0,0,0,0,0,0,0,0,5,5,0,7
Zotu3648,0,0,0,0,0,0,0,0,0,0,0,0,0,0,4,0,4,0
Zotu3649,0,0,0,0,0,0,0,0,0,0,0,8,0,0,5,3,0,0
Zotu3650,0,0,0,0,0,0,0,0,0,0,0,0,0,0,0,0,9,0
Zotu3654,0,0,0,0,0,0,0,0,0,0,0,0,0,0,0,0,6,0
Zotu3655,0,0,0,0,0,0,0,0,0,0,0,0,0,0,0,0,7,9
Zotu3656,0,0,0,0,0,0,0,0,0,0,0,0,0,0,13,0,0,3
Zotu3659,0,0,0,0,0,0,0,0,0,0,0,0,0,0,0,0,5,5
Zotu3663,0,0,0,0,0,0,0,0,0,0,0,0,0,4,0,0,0,0
Zotu3665,0,0,0,0,0,0,0,0,0,0,0,0,0,6,3,0,0,0
Zotu3666,0,0,0,0,0,0,0,0,0,0,0,3,0,11,0,0,0,0
Zotu3667,0,0,0,0,0,0,0,0,0,9,0,0,0,0,0,0,0,4
Zotu3668,4,0,0,0,0,0,0,0,0,0,0,0,0,0,0,3,0,0
Zotu3669,0,0,0,0,0,0,6,0,0,0,0,0,0,0,0,0,4,0
Zotu3670,0,0,0,0,0,0,0,4,0,7,0,0,0,0,0,0,0,0
Zotu368,8,0,0,0,3,246,0,0,0,0,0,0,0,0,0,0,0,0
Zotu3682,0,5,0,0,0,0,0,0,0,0,0,0,0,0,0,0,0,0
Zotu3697,0,0,0,0,0,7,0,0,0,0,0,0,0,3,0,0,0,0
Zotu37,502,104,625,67,396,2321,152,183,27,131,4,4,3,4,7,7,0,4
Zotu3700,0,0,0,8,0,4,0,0,0,0,0,0,0,0,0,0,0,0
Zotu3701,0,0,0,0,0,3,0,0,0,0,0,0,0,0,0,0,0,0
Zotu3708,0,0,0,0,0,0,0,0,0,0,0,0,9,0,0,0,0,0
Zotu3709,0,0,0,0,5,0,0,0,4,0,0,0,0,0,0,0,0,0
Zotu371,0,0,0,0,0,0,59,58,15,120,26,41,6,41,76,45,80,73
Zotu3716,0,0,0,0,0,0,0,4,0,0,0,0,0,0,0,0,0,0
Zotu3718,0,0,0,0,0,0,6,0,0,0,0,0,0,0,0,0,0,0
Zotu3723,0,0,0,0,0,0,0,0,0,9,0,0,0,0,0,0,0,6
Zotu3725,0,0,0,0,0,0,0,0,0,12,0,0,0,3,0,0,0,0
Zotu3732,0,0,0,0,0,0,0,0,0,0,0,0,0,0,0,6,0,0
Zotu3738,0,0,0,0,0,0,0,7,0,0,0,0,0,0,0,0,0,0
Zotu3743,0,0,0,0,0,0,0,0,0,3,0,0,0,0,0,0,0,0
Zotu3744,0,0,0,0,0,0,0,0,0,0,0,0,0,0,12,0,0,0
Zotu3747,0,0,0,0,0,0,0,0,0,12,0,0,0,0,0,0,0,0
Zotu3750,0,0,0,0,0,0,0,0,0,0,0,0,3,0,0,0,0,3
Zotu3751,0,0,0,0,0,0,0,7,0,3,0,0,0,0,0,0,0,0
Zotu3752,0,0,0,0,0,0,0,0,0,0,8,0,8,0,0,0,0,0
Zotu3756,0,0,0,0,0,0,0,0,0,0,0,0,4,7,0,0,3,0
Zotu3758,0,0,0,0,0,0,0,0,0,3,4,0,0,6,0,0,0,3
Zotu3763,0,0,0,0,0,0,0,0,0,0,0,0,0,0,7,0,4,0
Zotu3765,0,0,0,0,0,0,0,6,0,0,0,0,0,3,0,0,0,0
Zotu3770,0,0,0,0,0,0,0,0,0,0,0,0,0,0,0,4,0,0
Zotu3771,0,0,0,0,0,0,0,0,0,0,0,0,0,0,0,3,0,0
Zotu3774,0,0,0,0,0,0,0,0,0,0,0,0,0,6,0,0,0,0
Zotu3776,0,0,0,0,0,0,0,0,0,0,0,0,0,10,0,0,0,0
Zotu3777,0,0,0,0,0,0,0,6,0,0,0,0,0,0,0,0,0,0
Zotu3779,0,0,0,0,0,0,15,0,0,0,0,0,0,0,0,0,0,0
Zotu378,0,0,0,0,0,10,62,72,6,35,90,69,25,44,30,60,50,45
Zotu3782,0,0,0,0,0,0,0,3,0,0,0,0,0,0,0,0,0,3
Zotu3783,0,0,0,0,0,0,0,0,0,0,0,0,0,0,5,0,0,4
Zotu3784,0,0,0,0,0,0,0,0,0,0,0,0,0,0,0,0,0,3
Zotu3785,0,0,0,0,0,0,0,0,0,0,0,0,0,13,0,0,0,3
Zotu3786,0,0,0,0,0,0,0,0,0,0,0,0,0,4,0,0,0,0
Zotu3787,0,0,0,0,0,0,0,13,0,0,0,0,0,0,0,0,0,0
Zotu3797,0,0,0,0,0,0,0,0,0,0,0,0,0,0,0,4,0,0
Zotu380,0,0,0,0,0,0,68,101,86,29,0,0,0,13,4,12,0,15
Zotu3805,0,0,0,0,0,0,0,0,0,3,0,0,0,0,0,0,0,0
Zotu3811,0,0,0,0,0,0,0,3,0,0,0,0,0,0,0,0,3,0
Zotu3816,0,0,4,0,0,0,0,0,0,0,0,0,0,0,0,0,0,0
Zotu3817,0,0,15,0,0,0,0,0,0,0,0,0,0,0,0,0,0,0
Zotu3825,0,0,0,0,0,0,0,0,0,0,0,0,0,0,0,0,3,0
Zotu3829,0,0,0,0,0,0,0,0,0,0,0,0,0,0,0,0,3,0
Zotu3835,0,0,0,0,0,0,0,5,0,0,0,0,0,0,0,4,0,0
Zotu3836,0,0,0,0,0,0,0,0,0,0,0,0,0,0,3,5,0,0
Zotu3839,0,0,0,0,0,0,15,0,0,0,0,0,0,0,0,0,0,0
Zotu3841,0,0,0,0,0,0,6,0,0,0,0,0,0,0,6,0,0,0
Zotu3846,0,0,0,0,0,0,6,0,0,0,0,0,0,0,4,0,0,0
Zotu3848,0,0,0,0,0,0,0,0,0,0,0,0,0,0,0,0,0,3
Zotu3850,0,0,0,0,0,0,0,0,4,0,0,0,0,0,0,0,0,0
Zotu3853,0,0,0,0,0,0,4,0,0,0,0,0,0,0,0,0,0,0
Zotu3855,0,0,0,0,0,0,0,7,7,0,0,0,0,0,0,0,0,0
Zotu3858,0,0,0,0,0,0,0,0,0,0,0,0,0,0,0,0,7,0
Zotu3859,0,0,0,0,0,0,0,0,7,0,0,0,0,3,0,0,0,0
Zotu3861,0,0,0,0,0,0,0,0,0,8,0,0,0,0,0,0,0,0
Zotu3869,0,0,0,0,0,0,4,0,0,11,0,0,0,0,0,0,0,0
Zotu387,5,0,0,0,0,0,80,34,12,44,65,56,45,47,82,23,52,37
Zotu3870,0,0,0,0,0,0,0,0,0,11,0,0,0,0,3,0,0,0
Zotu3875,0,0,0,0,0,0,0,0,0,4,0,0,0,0,0,0,0,0
Zotu3876,0,0,0,0,0,0,0,0,0,0,0,0,0,9,0,0,0,5
Zotu3878,0,0,0,0,0,0,0,0,0,3,0,0,0,0,0,7,0,0
Zotu3885,0,0,0,0,0,0,0,0,0,0,0,0,0,0,0,0,4,3
Zotu389,0,0,0,0,0,0,59,32,11,76,29,43,26,60,88,9,47,47
Zotu3892,0,0,0,0,0,0,0,0,0,0,0,0,0,0,0,0,5,0
Zotu3895,0,0,0,0,0,0,0,3,0,0,3,0,0,0,0,0,0,3
Zotu3906,0,0,0,0,0,0,0,0,0,0,0,0,0,0,0,0,3,0
Zotu3909,0,0,0,0,0,0,0,0,0,0,0,0,0,5,6,0,0,0
Zotu391,57,0,0,0,0,0,49,42,7,26,59,59,44,43,72,22,45,39
Zotu3912,0,0,0,0,0,0,0,0,0,0,0,0,0,0,9,0,0,0
Zotu3913,0,0,0,0,0,0,0,0,0,0,0,0,0,0,0,15,0,0
Zotu3915,0,0,0,0,0,0,7,0,0,0,0,0,0,0,0,5,0,0
Zotu3916,0,0,0,0,0,0,0,0,0,0,0,0,0,4,0,0,0,4
Zotu3917,0,0,0,0,0,0,0,0,0,0,0,0,0,0,0,6,3,0
Zotu392,121,26,55,36,0,37,22,10,0,0,20,12,14,5,3,0,0,0
Zotu3920,0,0,0,0,0,0,0,0,0,0,0,0,0,0,6,3,6,0
Zotu3921,0,0,0,0,0,0,0,0,0,0,0,0,0,0,0,0,0,6
Zotu3922,0,0,0,0,0,0,0,0,0,0,0,0,0,0,3,0,8,0
Zotu3923,0,0,0,0,0,0,0,0,0,0,0,0,14,0,0,0,0,0
Zotu3924,0,0,0,0,0,0,0,0,0,0,0,10,0,4,0,0,0,0
Zotu3925,0,0,0,0,0,0,0,0,0,0,0,0,0,3,0,0,4,0
Zotu3927,0,0,0,0,0,0,7,0,0,0,0,0,0,0,0,0,0,0
Zotu3929,0,0,0,0,0,0,0,0,0,0,0,0,0,0,0,0,0,15
Zotu3930,0,0,0,0,0,0,0,0,0,0,0,0,0,0,12,0,0,3
Zotu3936,0,0,0,0,0,0,0,0,0,5,0,0,3,0,0,0,0,0
Zotu3938,0,0,0,0,0,0,0,0,0,0,0,0,0,0,0,7,0,0
Zotu3942,0,0,0,0,0,0,3,0,0,0,0,0,0,0,5,0,0,3
Zotu3957,0,0,10,3,0,0,0,0,0,0,0,0,0,0,0,0,0,0
Zotu3967,0,0,0,0,0,14,0,0,0,0,0,0,0,0,0,0,0,0
Zotu3968,0,0,0,0,0,8,0,0,0,0,0,0,0,0,0,0,0,0
Zotu3969,0,0,0,0,0,0,0,0,0,0,0,0,0,0,0,0,0,3
Zotu3973,0,0,0,0,0,0,0,0,0,0,0,0,0,0,0,0,0,7
Zotu3978,0,0,0,0,0,0,0,14,0,0,0,0,0,0,0,0,0,0
Zotu3979,0,0,0,0,0,0,3,0,0,0,0,0,0,0,0,0,0,0
Zotu398,57,0,45,0,185,0,33,0,0,0,13,0,0,0,0,0,0,0
Zotu3980,0,0,0,0,0,0,0,5,0,0,0,0,0,0,0,0,0,0
Zotu3981,0,0,0,0,0,0,0,0,4,0,0,0,0,0,0,0,0,0
Zotu3985,0,0,0,0,0,0,0,0,3,0,0,0,0,0,0,0,0,5
Zotu3986,0,0,0,0,0,0,0,0,3,0,0,0,0,0,0,0,0,0
Zotu3988,0,0,0,0,0,0,0,0,0,0,0,0,0,0,0,4,0,6
Zotu399,0,0,0,0,0,0,77,125,63,83,0,0,0,12,0,8,4,27
Zotu3994,0,0,0,0,0,0,0,0,0,0,0,0,0,0,0,3,0,0
Zotu3995,0,0,0,0,0,0,0,4,3,0,0,0,0,0,0,0,0,0
Zotu40,110,8,27,0,0,20,939,1113,202,955,714,560,330,350,735,487,742,849
Zotu400,22,0,7,0,0,0,61,21,10,40,74,85,71,63,67,33,27,43
Zotu4000,0,0,0,0,0,0,0,0,0,0,0,0,0,0,0,0,0,7
Zotu4006,0,0,0,0,0,0,0,0,0,5,0,0,0,7,0,0,0,0
Zotu4009,0,0,0,0,0,0,0,0,0,0,0,0,0,5,0,5,0,0
Zotu4012,0,0,0,0,0,0,0,0,0,0,0,0,0,4,0,0,6,3
Zotu4013,0,0,0,0,0,0,0,0,0,3,0,0,0,0,0,0,7,0
Zotu4014,0,0,0,0,0,0,0,0,0,3,0,0,0,0,0,0,0,0
Zotu402,15,4,0,0,0,0,54,54,8,49,92,93,59,37,32,16,28,50
Zotu4023,0,0,0,0,0,0,0,3,0,0,0,0,0,0,0,0,0,3
Zotu4024,0,0,0,0,0,0,0,0,0,0,0,0,0,3,5,0,0,0
Zotu403,0,276,0,5,0,0,0,0,5,7,0,0,0,0,0,13,0,9
Zotu4030,0,0,0,0,0,0,3,0,0,6,0,0,0,0,0,0,0,0
Zotu4036,0,0,0,0,0,0,0,0,0,0,7,0,0,0,0,0,4,0
Zotu4037,0,0,0,0,0,0,0,0,0,0,3,0,0,0,0,0,0,0
Zotu4039,0,0,0,0,0,0,0,0,0,0,0,0,0,0,0,3,0,7
Zotu4041,0,0,0,0,0,0,0,0,0,0,4,0,7,0,3,0,0,0
Zotu4042,0,0,0,0,0,0,0,0,0,0,3,3,0,0,0,0,0,0
Zotu4044,0,0,0,0,0,0,0,0,0,0,0,0,0,0,10,0,0,0
Zotu4045,0,0,0,0,0,0,0,0,0,0,4,0,0,0,0,0,0,3
Zotu4046,0,0,0,0,0,0,0,0,0,3,0,0,0,0,0,0,0,0
Zotu405,0,0,0,0,0,0,10,11,25,0,0,0,0,58,75,184,53,85
Zotu4050,0,0,0,0,0,0,0,0,0,4,0,0,0,0,0,0,4,0
Zotu4054,0,0,0,0,0,0,0,0,0,0,0,10,0,0,0,0,0,0
Zotu4056,0,0,0,0,0,0,0,0,0,0,0,0,0,0,0,0,0,13
Zotu406,0,0,0,0,0,0,11,22,40,27,0,0,10,31,51,77,24,62
Zotu4061,0,0,0,0,0,0,0,0,0,0,0,0,0,14,0,0,0,0
Zotu4062,0,0,0,0,0,0,0,0,0,0,0,0,0,0,13,0,0,0
Zotu4064,0,0,0,0,0,0,0,0,0,0,0,0,0,12,0,0,0,0
Zotu4066,0,0,0,0,0,0,0,0,0,0,0,0,0,0,4,10,0,0
Zotu4067,0,0,0,0,0,0,12,0,0,0,0,0,0,0,0,0,0,0
Zotu4068,0,0,0,0,0,0,0,0,0,0,0,0,0,0,0,0,0,6
Zotu4070,0,0,0,0,0,0,0,0,0,0,0,0,0,0,0,6,0,0
Zotu4072,0,0,0,0,0,0,0,0,0,0,0,0,0,0,0,13,0,0
Zotu4073,0,0,0,0,0,0,0,0,0,0,0,0,0,0,0,4,0,0
Zotu4075,0,0,0,0,0,0,0,0,0,0,0,0,0,4,0,8,0,0
Zotu4077,0,0,0,0,0,0,0,0,0,0,0,0,0,0,0,6,0,0
Zotu4079,0,0,0,0,0,0,0,0,0,0,0,0,0,0,8,0,0,0
Zotu4083,0,0,0,0,0,0,0,0,0,0,0,0,0,0,0,4,0,0
Zotu4085,0,0,0,0,0,0,0,0,0,0,0,0,0,0,0,0,4,0
Zotu4090,0,0,0,0,0,0,0,4,0,0,0,0,0,0,0,0,0,0
Zotu4096,0,0,0,0,0,0,3,0,0,0,0,0,0,0,0,0,0,0
Zotu4097,0,0,0,0,0,0,3,0,0,0,0,6,0,0,0,0,0,4
Zotu4098,0,0,0,0,0,0,6,0,0,0,0,0,0,0,0,0,0,0
Zotu4106,0,0,0,0,0,0,0,0,0,0,0,0,0,0,5,0,5,0
Zotu4107,0,0,0,0,0,0,0,0,0,0,0,0,0,0,0,0,0,9
Zotu4108,0,0,0,0,0,0,0,0,0,0,0,0,0,0,0,4,0,0
Zotu411,0,0,0,0,0,0,89,139,36,151,0,0,0,3,0,0,5,0
Zotu4110,0,0,0,0,0,0,0,0,0,11,0,0,0,0,0,0,0,0
Zotu4116,0,0,0,0,0,0,0,0,0,0,0,0,0,0,6,0,0,0
Zotu4118,0,0,0,0,0,0,0,0,0,0,0,0,0,7,0,0,0,4
Zotu4119,0,0,0,0,0,0,0,0,0,0,0,0,0,0,3,0,0,3
Zotu4121,0,0,0,0,0,0,3,8,0,0,0,0,0,0,0,0,0,0
Zotu4125,3,0,0,0,0,0,0,0,0,0,0,0,0,0,0,0,0,0
Zotu4130,0,0,0,0,0,0,0,0,0,3,0,3,0,0,0,0,0,0
Zotu4131,0,0,0,0,0,0,0,4,0,0,0,0,0,0,0,0,0,0
Zotu4137,0,0,0,0,0,0,0,0,3,0,0,0,0,0,0,0,0,0
Zotu414,0,0,0,0,0,0,8,0,0,228,0,0,0,7,0,8,9,22
Zotu4141,0,0,0,0,0,0,0,0,0,0,0,3,0,0,0,0,0,0
Zotu4145,0,0,0,0,13,0,0,0,0,0,0,0,0,0,0,0,0,0
Zotu4146,0,0,0,0,0,0,0,0,0,4,0,0,0,0,0,0,0,0
Zotu415,0,0,0,0,0,0,46,64,52,35,13,0,6,10,28,20,22,42
Zotu4156,0,0,0,0,0,13,0,0,0,0,0,0,0,0,0,0,0,0
Zotu4159,0,0,0,0,0,0,0,7,0,0,0,0,0,0,0,0,0,0
Zotu4163,0,0,0,0,0,0,13,0,0,0,0,0,0,0,0,0,0,0
Zotu4165,0,0,0,0,0,0,5,0,0,0,0,0,0,0,0,0,0,0
Zotu4169,9,0,0,0,0,0,0,0,0,0,0,0,0,0,0,0,0,0
Zotu417,0,0,0,0,0,8,42,69,18,42,84,46,47,28,85,42,44,56
Zotu4181,0,0,0,0,0,0,3,0,4,0,0,0,0,0,0,0,0,0
Zotu4184,0,0,0,0,0,0,0,0,0,0,0,0,0,4,0,0,0,0
Zotu4186,0,0,0,0,0,0,0,0,3,0,0,0,0,0,0,0,0,0
Zotu4192,0,0,0,0,0,0,0,0,0,0,0,0,0,0,0,0,0,9
Zotu4193,0,0,0,0,0,0,0,0,0,0,0,0,0,0,0,0,3,0
Zotu4195,0,0,0,0,0,0,0,0,0,0,0,0,0,0,0,0,0,6
Zotu4200,0,0,0,0,0,0,0,0,0,6,0,0,0,0,0,0,3,3
Zotu4206,0,0,0,0,0,0,0,0,0,11,0,0,0,0,0,0,0,0
Zotu4208,0,0,0,0,0,0,0,0,0,0,0,0,0,5,0,0,0,4
Zotu421,0,0,0,0,0,0,42,56,17,25,63,52,91,38,20,44,43,28
Zotu4215,0,0,0,0,0,0,0,0,0,0,0,0,0,0,0,0,11,0
Zotu4216,0,0,0,0,0,0,5,0,0,0,0,0,0,4,0,0,0,0
Zotu4218,0,0,0,0,0,0,0,0,0,4,0,0,0,0,0,0,0,0
Zotu4221,0,0,0,0,0,0,0,0,0,0,0,0,0,0,6,0,0,0
Zotu4226,0,0,0,0,0,0,0,0,0,6,0,0,0,0,0,0,0,0
Zotu4227,0,0,0,0,0,0,0,0,0,0,0,3,4,0,0,0,0,0
Zotu4236,0,4,0,0,0,0,0,0,0,0,4,0,0,0,0,0,5,0
Zotu4238,0,0,0,0,0,0,0,0,0,0,3,0,0,0,0,0,0,6
Zotu4240,0,0,0,0,0,0,0,0,0,0,0,0,0,0,6,0,5,0
Zotu4244,0,0,0,0,0,0,0,0,0,0,6,0,0,4,0,0,0,0
Zotu425,0,0,0,0,0,0,75,29,7,56,82,67,50,33,29,47,45,86
Zotu4253,0,0,4,0,0,0,0,0,0,0,0,0,0,0,0,0,0,0
Zotu4254,0,0,0,0,0,0,0,0,0,0,0,3,0,0,0,0,0,0
Zotu4255,0,0,0,0,0,0,0,0,0,0,0,0,3,0,0,0,0,0
Zotu4257,9,0,0,0,0,0,0,0,0,0,0,0,0,0,0,0,0,0
Zotu4260,0,0,0,0,0,0,0,0,0,0,0,0,9,4,0,0,0,0
Zotu4261,0,0,0,0,0,0,0,0,0,0,0,0,4,0,0,0,0,0
Zotu4266,0,0,0,0,0,0,0,0,0,0,0,0,0,13,0,0,0,0
Zotu4269,0,0,0,0,0,0,0,0,0,0,0,0,0,13,0,0,0,0
Zotu427,0,0,0,0,0,12,43,32,7,96,17,31,12,25,29,19,35,61
Zotu4270,0,0,0,0,0,0,0,0,0,0,0,0,0,13,0,0,0,0
Zotu4272,0,0,0,0,0,0,0,0,0,0,0,0,0,13,0,0,0,0
Zotu4276,0,0,0,0,0,0,0,0,0,0,0,0,0,0,13,0,0,0
Zotu4278,0,0,0,0,0,0,0,0,0,0,0,0,0,0,0,10,0,0
Zotu428,75,16,223,80,0,0,28,18,11,68,3,3,4,0,0,0,3,0
Zotu4280,0,0,0,0,0,0,0,0,0,0,0,0,0,0,0,6,0,0
Zotu4282,0,0,0,0,0,0,0,0,0,0,0,0,0,0,0,13,0,0
Zotu4284,0,0,0,0,0,0,0,0,0,0,0,0,0,7,0,0,0,0
Zotu4285,0,0,0,0,0,0,0,0,0,0,0,0,0,0,0,3,7,0
Zotu4288,0,0,0,0,0,0,0,6,0,0,0,0,0,0,0,0,0,0
Zotu4292,0,0,0,0,0,0,0,0,0,0,0,0,0,0,0,6,0,3
Zotu4294,0,0,0,0,0,0,0,0,0,0,0,0,0,4,0,0,0,0
Zotu4295,0,0,0,0,0,0,4,0,0,0,0,0,0,0,0,3,0,0
Zotu4299,0,0,0,0,0,0,0,0,0,0,0,0,0,0,11,0,0,0
Zotu4302,0,0,0,0,0,0,0,0,0,0,0,0,0,0,11,0,0,0
Zotu4304,0,0,0,0,0,0,0,0,0,0,0,0,0,0,0,0,5,0
Zotu4306,0,0,0,0,0,0,0,0,0,0,0,0,0,0,0,0,0,3
Zotu431,0,0,0,0,0,28,41,15,0,95,21,17,10,32,19,9,31,38
Zotu4310,0,0,0,0,0,0,0,0,0,0,0,0,0,0,0,0,0,5
Zotu4312,0,0,0,0,0,0,0,0,0,0,0,0,0,0,0,0,0,4
Zotu4316,0,0,0,0,0,0,0,3,0,0,0,0,0,4,0,0,0,0
Zotu4328,0,0,0,0,0,0,0,0,0,0,0,0,0,0,0,5,0,0
Zotu433,0,0,0,25,0,144,0,0,0,0,0,0,0,0,0,0,0,0
Zotu4330,0,0,0,0,0,0,0,0,0,0,0,0,0,0,0,0,7,0
Zotu4332,0,0,0,0,0,0,0,0,0,5,0,0,4,0,0,0,0,0
Zotu4333,0,0,0,0,0,0,0,0,0,0,0,0,0,0,0,0,0,5
Zotu4339,0,0,0,0,0,0,0,0,0,0,0,0,0,0,0,4,0,0
Zotu4346,0,0,0,0,0,0,0,0,0,0,0,3,0,0,0,0,0,0
Zotu4350,12,0,0,0,0,0,0,0,0,0,0,0,0,0,0,0,0,0
Zotu4351,0,5,0,0,0,0,0,0,0,0,0,0,0,0,0,0,0,0
Zotu4352,0,12,0,0,0,0,0,0,0,0,0,0,0,0,0,0,0,0
Zotu4358,0,0,0,4,0,0,0,0,0,0,0,0,0,0,0,0,0,0
Zotu4359,0,0,12,0,0,0,0,0,0,0,0,0,0,0,0,0,0,0
Zotu4360,0,0,0,12,0,0,0,0,0,0,0,0,0,0,0,0,0,0
Zotu4386,0,0,0,0,0,0,0,7,0,0,0,0,0,0,0,0,0,0
Zotu439,91,0,0,0,3,59,0,0,0,0,0,0,0,0,0,0,11,8
Zotu4391,0,0,0,0,0,0,0,3,0,0,0,0,0,0,0,0,6,0
Zotu4393,0,0,0,0,0,0,0,0,0,0,0,0,0,9,0,0,0,0
Zotu4396,0,0,0,0,0,0,0,0,5,4,0,0,0,0,0,0,0,0
Zotu4399,0,0,0,0,0,0,0,0,4,0,0,0,0,0,0,0,0,0
Zotu4401,0,0,0,0,0,0,0,0,0,0,0,0,0,0,0,3,0,0
Zotu4402,0,0,0,0,0,0,0,0,0,0,0,0,0,3,0,5,0,0
Zotu4403,0,0,0,0,0,0,6,0,3,0,0,0,0,0,0,0,0,0
Zotu4405,0,0,0,0,0,0,0,0,0,0,0,0,0,0,0,8,0,0
Zotu4407,0,0,0,0,0,0,3,0,0,0,0,0,0,0,0,0,0,0
Zotu4413,0,0,0,0,0,0,0,0,0,4,0,0,0,0,0,0,0,0
Zotu4414,0,0,0,0,0,0,0,0,0,0,0,0,0,10,0,0,0,0
Zotu4417,0,0,0,0,0,0,0,0,0,10,0,0,0,0,0,0,0,0
Zotu4423,0,0,0,0,0,0,0,0,0,12,0,0,0,0,0,0,0,0
Zotu4431,0,0,0,0,0,0,0,0,0,7,0,0,0,0,0,0,4,0
Zotu4432,0,0,0,0,0,0,0,0,0,4,0,0,0,0,0,0,7,0
Zotu4439,0,0,0,0,0,0,0,0,0,0,0,0,0,0,0,0,0,4
Zotu4448,0,0,0,0,0,0,0,0,0,0,0,0,0,0,4,0,0,0
Zotu4453,0,0,0,0,0,0,0,0,0,0,0,5,0,0,0,3,0,0
Zotu4454,0,0,0,0,0,0,0,0,0,0,6,0,0,0,0,0,0,3
Zotu4456,0,0,0,0,0,0,0,0,0,0,11,0,0,0,0,0,0,0
Zotu4459,0,0,0,0,0,0,0,0,0,0,0,0,0,3,0,0,0,0
Zotu4462,0,0,0,0,0,0,3,0,0,0,3,0,0,0,0,0,0,0
Zotu4463,0,0,0,0,0,0,0,0,0,4,3,0,0,0,5,0,0,0
Zotu4470,0,0,0,0,0,0,5,3,0,0,0,0,0,0,0,0,0,0
Zotu4471,0,0,0,0,0,0,0,0,0,0,4,0,0,3,0,0,3,0
Zotu4472,0,0,0,0,0,0,0,0,0,4,0,0,4,0,3,0,0,0
Zotu4473,0,0,0,0,0,0,0,0,0,0,0,0,3,0,0,0,0,0
Zotu4474,0,0,0,0,0,0,0,0,0,0,0,0,0,0,0,7,0,0
Zotu4476,0,0,0,0,0,0,0,0,0,0,0,12,0,0,0,0,0,0
Zotu4479,0,0,0,0,0,0,0,0,0,0,0,0,10,0,0,0,0,0
Zotu4483,0,0,0,0,0,0,0,0,0,0,0,0,0,12,0,0,0,0
Zotu4491,0,0,0,0,0,0,0,0,0,0,0,0,0,0,12,0,0,0
Zotu4493,0,0,0,0,0,0,3,4,0,0,0,0,0,0,0,0,0,0
Zotu4494,0,0,0,0,0,0,0,0,0,0,0,0,0,0,4,7,0,0
Zotu4495,0,0,0,0,0,0,0,0,0,0,0,0,0,0,0,8,0,3
Zotu4496,0,0,0,0,0,0,0,0,0,0,0,0,0,0,0,10,0,0
Zotu4498,0,0,0,0,0,0,0,0,0,0,0,0,0,6,0,3,0,0
Zotu4500,0,0,0,0,0,0,0,0,0,0,0,0,0,0,0,8,0,3
Zotu4502,0,0,0,0,0,0,0,0,0,0,0,0,5,0,0,6,0,0
Zotu4503,0,0,0,0,0,0,0,0,0,0,0,0,0,0,4,5,0,0
Zotu4504,0,0,0,0,0,0,0,0,0,0,0,0,0,0,0,5,0,0
Zotu4505,0,0,0,0,0,0,3,0,0,0,0,0,0,0,0,0,0,0
Zotu4506,0,0,0,0,0,0,0,0,0,0,0,0,0,0,0,0,0,3
Zotu4510,0,0,0,0,0,0,4,0,0,0,0,0,0,0,0,0,0,0
Zotu4514,0,0,0,0,0,0,0,0,0,0,0,0,0,0,10,0,0,0
Zotu4519,0,0,0,0,0,0,0,0,0,0,0,0,0,10,0,0,0,0
Zotu4521,0,0,0,0,0,0,0,0,0,0,0,0,0,0,0,0,0,8
Zotu4523,0,0,0,0,0,0,0,0,0,0,0,0,0,0,0,0,0,12
Zotu4525,0,0,0,0,0,0,0,0,0,0,0,0,0,0,0,0,0,4
Zotu4554,0,0,0,0,0,0,0,0,0,0,0,0,0,0,0,0,0,6
Zotu4555,0,0,0,0,0,0,0,0,0,0,0,0,0,0,10,0,0,0
Zotu4558,0,0,0,0,0,0,0,0,0,0,0,0,0,0,0,0,7,3
Zotu4565,3,0,0,0,0,0,0,0,0,0,0,0,0,0,0,0,0,0
Zotu4577,0,0,0,11,0,0,0,0,0,0,0,0,0,0,0,0,0,0
Zotu458,0,0,0,0,0,0,26,38,3,41,13,35,19,59,41,19,76,108
Zotu4584,0,0,0,0,3,0,0,0,0,0,0,0,0,0,0,0,0,0
Zotu4585,0,0,0,0,0,0,0,0,0,0,0,0,0,0,0,3,0,0
Zotu4593,0,0,0,0,0,0,0,3,0,0,0,0,0,0,0,0,0,0
Zotu4596,0,0,0,0,0,11,0,0,0,0,0,0,0,0,0,0,0,0
Zotu4597,0,4,0,0,0,3,0,0,0,0,0,0,0,0,0,0,0,0
Zotu46,1200,40,1472,101,64,487,301,443,85,358,79,90,69,70,83,61,42,61
Zotu460,24,3,4,14,0,0,4,0,0,11,9,13,8,61,31,19,51,98
Zotu4601,0,0,0,0,0,5,0,0,0,0,0,0,0,0,0,0,0,0
Zotu461,0,0,0,0,0,0,0,20,18,6,21,32,13,23,18,11,44,103
Zotu4611,0,0,0,0,0,0,0,0,0,0,0,10,0,0,0,0,0,0
Zotu4616,0,0,0,0,0,0,3,0,0,0,0,0,0,4,0,0,0,0
Zotu4619,0,0,0,0,0,0,0,0,3,0,0,0,0,0,0,0,0,0
Zotu4629,0,0,0,0,0,0,0,0,4,0,0,0,0,0,0,0,0,0
Zotu4634,0,0,0,0,0,0,0,0,0,0,0,0,0,0,0,0,0,3
Zotu4638,0,0,0,0,0,0,0,0,3,0,0,0,0,0,0,0,0,0
Zotu4639,0,0,0,0,0,0,0,0,0,4,0,0,0,0,0,0,0,0
Zotu4643,0,0,0,0,0,0,0,0,0,0,0,0,0,0,0,0,0,4
Zotu465,0,0,0,0,0,0,0,7,3,155,4,0,0,32,6,53,24,48
Zotu4655,0,0,0,0,0,0,0,0,0,7,0,0,0,0,0,0,0,0
Zotu4656,0,0,0,0,0,0,0,0,0,10,0,0,0,0,0,0,0,0
Zotu4657,0,0,0,0,0,0,0,0,0,10,0,0,0,0,0,0,0,0
Zotu4660,0,0,0,0,0,0,0,0,0,11,0,0,0,0,0,0,0,0
Zotu4661,0,0,0,0,0,0,0,0,0,10,0,0,0,0,0,0,0,0
Zotu4665,0,0,0,0,0,0,0,0,0,4,0,0,0,0,4,0,0,0
Zotu4668,0,0,0,0,0,0,0,0,0,0,0,0,0,8,0,0,0,0
Zotu467,11,0,0,0,0,0,19,17,32,68,12,9,6,67,17,17,39,17
Zotu4671,0,0,0,0,0,0,0,0,0,10,0,0,0,0,0,0,0,0
Zotu4673,0,0,0,0,0,0,0,0,0,9,0,0,0,0,0,0,0,0
Zotu4674,0,0,0,0,0,0,0,0,0,6,0,0,0,0,0,0,0,0
Zotu4679,0,0,0,0,0,0,0,0,0,0,0,0,0,0,0,4,0,4
Zotu468,0,5,6,28,0,0,39,14,0,25,43,17,42,97,23,37,47,84
Zotu4683,0,0,0,0,0,0,0,0,0,0,0,0,0,0,0,0,0,6
Zotu4685,0,0,0,0,0,0,0,0,0,3,0,0,0,0,0,0,0,4
Zotu469,0,0,0,0,0,0,13,15,34,36,0,0,5,24,19,50,9,29
Zotu4694,0,0,0,0,0,0,0,0,0,8,0,0,0,0,0,0,0,0
Zotu4697,0,0,0,0,0,0,7,0,0,0,0,0,0,0,0,0,0,0
Zotu4704,0,0,0,0,0,0,0,0,0,0,6,0,0,0,0,0,0,0
Zotu4707,0,0,0,0,0,0,0,0,0,0,3,4,0,0,3,0,0,0
Zotu4709,0,0,0,0,0,0,0,0,0,5,4,0,0,0,0,0,0,0
Zotu4712,0,0,0,0,0,0,0,0,0,0,4,0,0,0,0,0,3,0
Zotu4720,0,0,0,0,0,0,0,0,0,0,6,0,0,0,0,0,0,0
Zotu4723,0,0,0,0,0,0,0,0,0,0,3,0,0,0,0,0,0,0
Zotu4727,0,0,0,0,0,0,0,0,0,6,0,0,4,0,0,0,0,0
Zotu473,0,0,0,0,0,4,21,67,7,62,30,24,15,11,49,25,32,41
Zotu4734,0,0,0,0,0,0,0,0,0,0,0,0,11,0,0,0,0,0
Zotu4735,0,0,0,0,0,0,0,0,0,0,0,0,0,9,0,0,0,0
Zotu4738,0,0,0,0,0,0,0,0,0,0,0,0,7,0,0,0,0,0
Zotu474,0,0,0,0,0,0,0,0,4,0,0,0,0,71,76,160,59,79
Zotu4740,0,0,0,0,0,0,0,0,0,0,0,0,0,11,0,0,0,0
Zotu4744,0,0,0,0,0,0,0,0,0,0,0,0,0,11,0,0,0,0
Zotu4745,0,0,0,0,0,0,0,0,0,0,0,0,0,11,0,0,0,0
Zotu4746,0,0,0,0,0,0,0,0,0,0,0,0,0,11,0,0,0,0
Zotu4748,0,0,0,0,0,0,0,0,0,0,0,0,0,0,11,0,0,0
Zotu4749,0,0,0,0,0,0,0,0,0,0,0,0,0,0,11,0,0,0
Zotu475,0,10,0,27,0,153,0,0,0,0,0,0,0,0,0,0,0,0
Zotu4758,0,0,0,0,0,0,0,0,0,0,0,0,0,0,11,0,0,0
Zotu4759,0,0,0,0,0,0,0,0,0,0,0,0,0,0,11,0,0,0
Zotu4761,0,0,0,0,0,0,0,0,0,0,0,0,0,0,11,0,0,0
Zotu4764,0,0,0,0,0,0,0,0,0,0,0,0,0,0,7,4,0,0
Zotu4771,0,0,0,0,0,0,0,0,0,0,0,0,0,0,0,8,0,0
Zotu4773,0,0,0,0,0,0,0,0,0,0,0,0,0,0,0,5,3,0
Zotu4775,0,0,0,0,0,0,0,0,0,0,0,0,0,0,0,11,0,0
Zotu4777,0,0,0,0,0,0,0,0,0,0,0,0,0,0,0,6,0,0
Zotu4778,0,0,0,0,0,0,0,0,0,0,0,0,0,0,5,3,0,0
Zotu4780,0,0,0,0,0,0,0,0,0,0,0,0,0,0,0,4,0,0
Zotu4781,0,0,0,0,0,0,0,0,0,0,0,0,0,0,0,9,0,0
Zotu4784,0,0,0,0,0,0,0,0,0,0,0,0,0,0,8,0,0,0
Zotu4786,0,0,0,0,0,0,0,0,0,0,0,0,0,0,3,0,0,0
Zotu4788,0,0,0,0,0,0,0,0,0,0,0,0,0,8,0,0,0,0
Zotu4791,0,0,0,0,0,0,0,0,0,0,0,0,0,0,0,0,11,0
Zotu4792,0,0,0,0,0,0,0,0,0,0,0,0,0,0,0,0,11,0
Zotu4794,0,0,0,0,0,0,0,0,0,0,0,0,0,0,4,0,0,5
Zotu4796,0,0,0,0,0,0,0,0,0,0,0,0,0,0,0,0,0,10
Zotu4797,0,0,0,0,0,0,0,0,0,0,0,0,0,0,0,0,0,11
Zotu48,148,0,24,0,0,214,602,402,100,895,879,934,1083,957,833,612,965,1559
Zotu480,0,0,0,0,0,0,31,23,0,83,30,7,0,38,24,22,36,61
Zotu4800,0,0,0,0,0,0,0,0,0,0,0,0,0,3,0,0,0,8
Zotu4801,0,0,0,0,0,0,0,0,0,0,0,6,0,0,0,0,0,5
Zotu4803,0,0,0,0,0,0,0,0,0,0,0,0,0,3,0,0,0,5
Zotu4808,0,0,0,0,0,0,0,0,0,0,0,0,0,4,0,0,0,0
Zotu4814,0,0,0,0,0,0,0,0,0,0,0,0,0,10,0,0,0,0
Zotu4815,0,0,0,0,0,0,0,0,0,0,0,6,0,3,0,0,0,0
Zotu482,0,0,0,0,0,0,30,26,42,21,0,0,0,31,15,9,39,69
Zotu4821,0,0,0,0,0,0,0,0,0,4,0,0,0,0,0,0,0,0
Zotu4823,0,0,0,0,0,0,0,0,0,0,0,0,0,0,6,0,0,0
Zotu4825,0,0,0,0,0,0,0,0,0,0,0,0,0,0,0,3,0,0
Zotu4837,0,0,0,0,0,0,0,0,0,0,0,0,0,0,4,0,0,3
Zotu4839,0,0,0,0,0,0,0,0,0,0,0,0,0,0,0,0,5,0
Zotu4847,6,0,0,0,0,0,0,0,0,0,0,0,0,0,0,0,0,0
Zotu4858,0,0,0,10,0,0,0,0,0,0,0,0,0,0,0,0,0,0
Zotu4859,0,0,0,4,0,0,0,0,0,0,0,0,0,0,0,0,0,0
Zotu4868,0,0,0,0,0,9,0,0,0,0,0,0,0,0,0,0,0,0
Zotu4869,0,0,0,0,0,10,0,0,0,0,0,0,0,0,0,0,0,0
Zotu4870,0,0,0,0,0,3,0,0,0,0,0,0,0,0,0,6,0,0
Zotu4876,0,0,0,0,0,10,0,0,0,0,0,0,0,0,0,0,0,0
Zotu4878,0,0,0,0,0,4,0,0,0,3,0,0,0,0,0,0,0,0
Zotu488,4,0,0,0,0,0,40,36,9,52,55,43,14,9,42,35,23,39
Zotu4901,0,0,0,0,0,0,4,0,0,0,0,0,0,0,0,0,0,0
Zotu4904,0,0,0,0,0,0,0,10,0,0,0,0,0,0,0,0,0,0
Zotu4905,0,0,0,0,0,0,0,6,0,0,0,0,0,3,0,0,0,0
Zotu4907,0,0,0,0,0,0,0,0,3,0,0,0,0,0,0,0,0,5
Zotu4912,0,0,0,0,0,0,0,0,3,0,0,0,3,0,0,0,0,0
Zotu4921,0,0,0,0,0,0,0,3,0,0,0,0,0,0,0,0,0,0
Zotu4922,0,0,0,0,0,0,0,0,0,0,0,0,0,0,0,0,0,3
Zotu4926,0,0,0,0,0,0,0,0,0,0,0,0,5,0,0,0,0,0
Zotu494,0,0,0,0,0,0,36,10,11,3,0,0,3,76,104,104,30,29
Zotu4942,0,0,0,0,0,0,0,0,0,5,0,5,0,0,0,0,0,0
Zotu4948,0,0,0,0,0,0,0,0,0,0,0,0,0,0,0,6,0,0
Zotu4954,0,0,0,0,0,0,0,3,0,4,0,0,0,0,0,0,0,0
Zotu4959,0,0,0,0,0,0,0,0,0,0,0,0,0,0,0,0,0,5
Zotu496,0,0,0,0,0,0,34,44,7,59,27,39,18,26,34,29,43,40
Zotu4961,0,0,0,0,0,0,0,0,0,6,0,0,0,4,0,0,0,0
Zotu4962,0,0,0,0,0,0,0,0,0,0,0,0,0,8,0,0,0,0
Zotu4964,0,0,0,0,0,0,0,0,0,9,0,0,0,0,0,0,0,0
Zotu4967,0,0,0,0,0,0,0,0,0,0,0,0,0,0,0,0,0,4
Zotu4968,0,0,0,0,0,0,0,0,0,10,0,0,0,0,0,0,0,0
Zotu4972,0,0,0,0,0,0,0,0,0,6,0,0,0,0,0,0,0,0
Zotu4975,0,0,0,0,0,0,0,0,0,10,0,0,0,0,0,0,0,0
Zotu4984,0,0,0,0,0,0,0,0,0,0,0,0,0,9,0,0,0,0
Zotu4985,0,0,0,0,0,0,0,0,0,0,0,0,0,0,0,0,3,0
Zotu4994,0,0,0,0,0,0,3,0,0,0,0,0,0,0,0,0,0,0
Zotu4995,0,0,0,0,0,0,0,0,0,0,0,0,0,0,0,0,0,3
Zotu4998,0,0,0,0,0,0,0,0,0,3,0,0,0,0,0,0,0,0
Zotu500,0,0,0,0,0,0,26,19,0,31,32,31,38,62,33,43,28,77
Zotu5000,0,0,0,0,0,0,0,0,0,6,0,0,0,0,0,0,0,0
Zotu501,0,0,0,0,0,0,14,32,70,21,0,0,0,32,9,33,12,42
Zotu5011,0,0,0,0,0,0,0,0,0,0,8,0,0,0,0,0,0,0
Zotu5012,0,0,0,0,0,0,0,0,0,0,0,8,0,0,0,0,0,0
Zotu5014,0,0,0,0,0,0,0,0,0,0,9,0,0,0,0,0,0,0
Zotu5016,0,0,0,0,0,0,0,0,0,0,4,0,0,0,0,0,0,0
Zotu5019,0,0,0,0,0,0,0,0,0,0,10,0,0,0,0,0,0,0
Zotu5021,0,0,0,0,0,0,0,0,0,0,5,0,0,0,4,0,0,0
Zotu5022,0,0,0,0,0,0,0,0,0,0,8,0,0,0,0,0,0,0
Zotu5023,0,0,0,0,0,0,0,0,0,6,0,0,0,0,0,0,0,0
Zotu5025,0,0,0,0,0,0,0,0,0,0,6,0,0,0,0,0,0,0
Zotu5028,0,0,0,0,0,0,0,0,0,0,0,0,0,8,0,0,0,0
Zotu5030,0,0,0,0,0,0,0,0,0,0,3,0,0,0,0,0,0,0
Zotu5036,0,0,0,0,0,0,0,0,0,0,0,7,0,0,0,0,0,0
Zotu5039,0,0,0,0,0,0,0,0,0,0,0,10,0,0,0,0,0,0
Zotu5041,0,0,0,0,0,0,0,0,0,0,0,10,0,0,0,0,0,0
Zotu5042,0,0,0,0,0,0,0,0,0,0,0,0,10,0,0,0,0,0
Zotu5044,0,0,0,0,0,0,0,0,0,0,0,0,0,4,0,0,0,0
Zotu5045,0,0,0,0,0,0,0,0,0,0,0,0,10,0,0,0,0,0
Zotu5047,0,0,0,0,0,0,0,0,0,0,0,0,10,0,0,0,0,0
Zotu5053,0,0,0,0,0,0,0,0,0,0,0,0,0,10,0,0,0,0
Zotu5056,0,0,0,0,0,0,0,0,0,0,0,0,0,10,0,0,0,0
Zotu5059,0,0,0,0,0,0,0,0,0,0,0,0,0,10,0,0,0,0
Zotu5060,0,0,0,0,0,0,0,0,0,0,0,0,0,10,0,0,0,0
Zotu5062,0,0,0,0,0,0,0,0,0,0,0,0,0,4,0,0,0,0
Zotu5064,0,0,0,0,0,0,0,0,0,0,0,0,0,10,0,0,0,0
Zotu5066,0,0,0,0,0,0,0,0,0,0,0,0,0,0,10,0,0,0
Zotu5068,0,0,0,0,0,0,0,0,0,0,0,0,0,0,9,0,0,0
Zotu5069,0,0,0,0,0,0,0,0,0,0,0,0,0,0,10,0,0,0
Zotu5072,0,0,0,0,0,0,0,0,0,0,0,0,0,0,10,0,0,0
Zotu5074,0,0,0,0,0,0,0,0,0,0,0,0,0,0,10,0,0,0
Zotu5077,0,0,0,0,0,0,0,0,0,0,0,0,0,0,10,0,0,0
Zotu5083,0,0,0,0,0,0,0,0,0,0,0,0,0,0,0,6,0,0
Zotu5084,0,0,0,0,0,0,0,0,0,0,0,0,0,0,0,10,0,0
Zotu5085,0,0,0,0,0,0,0,0,0,0,0,0,0,0,0,4,4,0
Zotu5086,0,0,0,0,0,0,0,0,0,0,0,0,0,0,0,10,0,0
Zotu5087,0,0,0,0,0,0,0,0,0,0,0,0,0,0,3,0,0,0
Zotu5089,0,0,0,0,0,0,0,0,0,0,0,0,0,0,0,8,0,0
Zotu5090,0,0,0,0,0,0,0,0,0,0,0,0,3,0,0,5,0,0
Zotu5091,0,0,0,0,0,0,0,0,0,0,0,0,0,0,0,3,0,0
Zotu5092,0,0,0,0,0,0,0,0,0,0,0,0,0,0,0,10,0,0
Zotu5094,0,0,0,0,0,0,0,0,0,0,0,0,0,0,0,9,0,0
Zotu5096,0,0,0,0,0,0,0,0,0,0,0,0,0,0,7,0,0,0
Zotu5098,0,0,0,0,0,0,0,0,0,0,0,0,0,0,0,9,0,0
Zotu5099,0,0,0,0,0,0,0,0,0,0,0,0,0,5,0,4,0,0
Zotu51,2130,101,2044,794,46,40,84,80,8,140,0,14,7,0,9,0,10,8
Zotu5101,0,0,0,0,0,0,0,0,0,0,0,0,0,0,9,0,0,0
Zotu5103,0,0,0,0,0,0,0,0,0,0,0,5,3,0,0,0,0,0
Zotu5106,0,0,0,0,0,0,7,0,0,0,0,0,0,0,0,0,0,0
Zotu5108,0,0,0,0,0,0,0,0,0,0,0,0,0,0,4,0,5,0
Zotu5110,0,0,0,0,0,0,0,0,0,0,0,0,0,6,0,0,0,0
Zotu5112,0,0,0,0,0,0,0,0,0,0,0,0,0,0,0,4,0,0
Zotu5117,0,0,0,0,0,0,3,0,0,0,0,0,0,0,4,0,0,0
Zotu5122,0,0,0,0,0,0,0,0,0,0,0,0,0,3,0,0,0,0
Zotu5124,0,0,0,0,0,0,0,0,0,0,0,0,0,0,0,0,8,0
Zotu5128,0,0,0,0,0,0,0,0,0,0,0,0,0,0,0,0,6,0
Zotu5132,0,0,0,0,0,0,0,0,0,0,0,0,0,3,0,0,0,6
Zotu5135,0,0,0,0,0,0,0,0,0,0,0,0,0,0,0,0,0,10
Zotu5137,0,0,0,0,0,0,0,0,0,0,0,0,0,0,0,0,0,10
Zotu5138,0,0,0,0,0,0,0,0,0,0,0,0,0,0,0,0,0,10
Zotu5140,0,0,0,0,0,0,0,0,0,0,0,0,0,0,0,0,0,6
Zotu5141,0,0,0,0,0,0,0,0,0,0,0,0,0,0,0,0,3,7
Zotu515,0,0,0,0,0,0,17,49,9,24,24,24,29,52,19,27,36,95
Zotu5151,0,0,0,0,0,0,0,0,0,0,0,0,0,7,0,0,0,3
Zotu5156,0,0,0,0,0,0,0,0,0,0,0,0,0,0,8,0,0,0
Zotu516,0,0,0,0,0,0,4,5,0,0,0,0,0,79,94,113,52,80
Zotu5169,0,0,0,0,0,0,0,0,0,0,0,0,0,0,0,0,3,0
Zotu5171,0,0,0,0,0,0,0,0,0,0,0,0,0,0,5,0,0,0
Zotu5175,0,0,0,0,0,0,4,0,0,0,0,0,0,0,0,0,0,0
Zotu5176,0,0,0,0,0,0,0,0,0,0,0,0,0,6,0,0,0,0
Zotu5182,0,0,0,0,0,0,0,0,0,0,0,0,0,0,6,0,0,0
Zotu5184,0,0,0,0,0,0,0,0,0,4,0,0,0,0,0,0,0,0
Zotu5185,0,0,4,0,0,0,0,0,0,0,0,0,0,0,0,0,0,0
Zotu5187,0,0,0,0,0,0,0,0,0,0,0,0,0,4,0,0,0,0
Zotu5188,0,0,0,0,0,0,0,0,0,0,0,0,0,0,0,0,6,0
Zotu5203,0,0,0,0,0,0,0,0,0,0,0,0,0,0,0,0,0,3
Zotu5208,0,0,0,0,0,0,3,0,0,0,0,0,0,0,0,0,0,0
Zotu5213,0,0,0,0,0,0,0,0,0,0,0,3,0,0,0,0,0,0
Zotu5218,0,0,0,4,0,0,0,0,0,0,0,0,0,0,0,0,0,0
Zotu5244,0,0,0,0,0,9,0,0,0,0,0,0,0,0,0,0,0,0
Zotu5255,0,0,0,0,0,0,9,0,0,0,0,0,0,0,0,0,0,0
Zotu5257,0,0,0,0,0,0,9,0,0,0,0,0,0,0,0,0,0,0
Zotu5259,0,0,0,0,0,0,4,0,0,0,0,0,0,0,0,0,0,0
Zotu5261,0,0,0,0,0,0,0,0,0,0,0,7,0,0,0,0,0,0
Zotu5272,0,0,0,0,0,0,0,9,0,0,0,0,0,0,0,0,0,0
Zotu5274,0,0,0,0,0,0,0,9,0,0,0,0,0,0,0,0,0,0
Zotu5275,0,0,0,0,0,0,0,0,0,0,0,0,0,5,0,0,0,0
Zotu5278,0,0,0,0,0,0,0,0,9,0,0,0,0,0,0,0,0,0
Zotu5279,0,0,0,0,0,0,0,0,8,0,0,0,0,0,0,0,0,0
Zotu5282,0,0,0,0,0,0,0,0,0,0,0,0,0,0,8,0,0,0
Zotu5283,0,0,0,0,0,0,0,0,0,0,0,0,0,0,0,0,0,6
Zotu5284,0,0,0,0,0,0,0,0,7,0,0,0,0,0,0,0,0,0
Zotu5286,0,0,0,0,0,0,0,0,7,0,0,0,0,0,0,0,0,0
Zotu5287,0,0,0,0,0,0,0,0,0,3,0,0,0,0,0,0,0,0
Zotu5288,0,0,0,0,0,0,0,0,8,0,0,0,0,0,0,0,0,0
Zotu5289,0,0,0,0,0,0,0,0,4,0,0,0,0,0,0,0,5,0
Zotu5293,0,0,0,0,0,0,0,0,0,0,0,0,0,0,7,0,0,0
Zotu5294,0,0,0,0,0,0,0,0,3,0,0,0,0,0,0,0,0,0
Zotu5296,0,0,0,0,0,0,0,0,3,0,0,0,0,0,0,0,0,6
Zotu5316,0,0,0,0,0,0,0,0,0,3,0,0,0,3,0,0,0,0
Zotu5320,0,0,0,0,0,0,0,0,0,4,0,0,0,0,0,0,0,0
Zotu5326,0,0,0,0,0,0,0,0,0,3,0,0,0,0,0,0,0,6
Zotu5327,0,0,0,0,0,0,0,0,0,9,0,0,0,0,0,0,0,0
Zotu5331,0,0,0,0,0,0,0,0,0,9,0,0,0,0,0,0,0,0
Zotu5333,0,0,0,0,0,0,0,0,0,6,0,0,0,3,0,0,0,0
Zotu5334,0,0,0,0,0,0,0,0,0,9,0,0,0,0,0,0,0,0
Zotu5337,0,0,0,0,0,0,0,0,0,4,0,0,0,0,0,5,0,0
Zotu5339,0,0,0,0,0,0,0,0,0,0,0,0,0,0,0,0,3,5
Zotu5340,0,0,0,0,0,0,0,0,0,9,0,0,0,0,0,0,0,0
Zotu5342,0,0,0,0,0,0,0,0,0,0,0,0,0,5,0,0,0,3
Zotu5346,0,0,0,0,0,0,0,0,0,9,0,0,0,0,0,0,0,0
Zotu5349,0,0,0,0,0,0,0,0,0,9,0,0,0,0,0,0,0,0
Zotu5351,0,0,0,0,0,0,3,0,0,0,0,0,0,0,0,0,0,0
Zotu5352,0,0,0,0,0,0,0,0,0,3,0,6,0,0,0,0,0,0
Zotu5353,0,0,0,0,0,0,0,0,0,3,0,0,0,0,0,0,6,0
Zotu5354,0,0,0,0,0,0,0,0,0,0,0,0,0,0,0,0,0,8
Zotu5357,0,0,0,0,0,0,0,0,0,0,0,0,0,8,0,0,0,0
Zotu5360,0,0,0,0,0,0,0,0,0,0,0,0,0,3,0,0,0,3
Zotu5364,0,0,0,0,0,0,0,0,0,0,0,0,0,0,0,0,0,5
Zotu5377,0,0,0,0,0,0,0,0,0,0,5,0,4,0,0,0,0,0
Zotu5378,0,0,0,0,0,0,0,0,0,0,9,0,0,0,0,0,0,0
Zotu5379,0,0,0,0,0,0,0,0,0,0,0,0,0,5,0,0,0,0
Zotu5382,0,0,0,0,0,0,0,0,0,0,9,0,0,0,0,0,0,0
Zotu5389,0,0,0,0,0,0,0,0,0,0,9,0,0,0,0,0,0,0
Zotu5390,0,0,0,0,0,0,0,0,0,0,3,0,4,0,0,0,0,0
Zotu5392,0,0,0,0,0,0,0,0,0,0,9,0,0,0,0,0,0,0
Zotu5393,0,0,0,0,0,0,0,0,0,0,3,0,0,3,0,0,0,0
Zotu5394,0,0,0,0,0,0,0,0,0,0,8,0,0,0,0,0,0,0
Zotu5396,0,0,0,0,0,0,0,0,0,0,8,0,0,0,0,0,0,0
Zotu5398,0,0,0,0,0,0,0,0,0,0,0,0,0,4,0,0,0,0
Zotu540,0,0,0,0,0,0,25,11,5,71,25,27,23,32,57,26,33,53
Zotu5404,0,0,0,0,0,0,0,0,0,0,0,0,7,0,0,0,0,0
Zotu5408,0,0,0,0,0,0,0,0,0,0,0,3,0,6,0,0,0,0
Zotu5409,0,0,0,0,0,0,0,0,0,0,0,0,0,8,0,0,0,0
Zotu541,5,0,0,0,0,95,0,0,0,0,0,0,0,0,0,0,0,0
Zotu5410,0,0,0,0,0,0,0,0,0,0,0,0,0,8,0,0,0,0
Zotu5411,0,0,0,0,0,0,0,0,0,0,0,0,0,8,0,0,0,0
Zotu5424,0,0,0,0,0,0,0,0,0,0,0,0,5,3,0,0,0,0
Zotu5437,0,0,0,0,0,0,0,0,0,0,0,0,0,9,0,0,0,0
Zotu5443,0,0,0,0,0,0,0,0,0,0,0,0,0,0,8,0,0,0
Zotu5445,0,0,0,0,0,0,0,0,0,0,0,0,0,0,9,0,0,0
Zotu5447,0,0,0,0,0,0,0,0,0,0,0,0,0,0,9,0,0,0
Zotu5449,0,0,0,0,0,0,0,0,0,0,0,0,0,0,9,0,0,0
Zotu5450,0,0,0,0,0,0,0,0,0,0,0,0,0,0,9,0,0,0
Zotu5455,0,0,0,0,0,0,0,0,0,0,0,0,0,0,9,0,0,0
Zotu5456,0,0,0,0,0,0,0,0,0,0,0,0,0,4,5,0,0,0
Zotu5457,0,0,0,0,0,0,0,0,0,0,0,0,0,0,9,0,0,0
Zotu5461,0,0,0,0,0,0,0,0,0,0,0,0,0,0,9,0,0,0
Zotu5466,0,0,0,0,0,0,5,0,0,0,0,0,0,0,0,3,0,0
Zotu5469,0,0,0,0,0,0,0,0,0,0,0,0,0,0,0,9,0,0
Zotu5470,0,0,0,0,0,0,0,0,0,0,0,0,0,0,0,4,0,0
Zotu5471,0,0,0,0,0,0,0,0,0,0,0,0,0,0,0,9,0,0
Zotu5472,0,0,0,0,0,0,0,0,0,0,0,0,0,0,0,9,0,0
Zotu5473,0,0,0,0,0,0,0,0,0,0,0,0,0,0,0,7,0,0
Zotu5479,0,0,0,0,0,0,0,0,0,0,0,0,0,0,0,9,0,0
Zotu548,0,0,0,0,0,0,20,24,44,4,0,0,0,20,43,54,19,12
Zotu5480,0,0,0,0,0,0,0,0,0,0,0,0,0,0,0,6,0,3
Zotu5484,0,0,0,0,0,0,0,0,0,0,0,0,0,0,0,8,0,0
Zotu5485,0,0,0,0,0,0,0,0,0,0,0,0,0,0,0,6,0,3
Zotu549,4,31,0,15,0,3,0,0,0,0,0,0,0,0,0,0,0,0
Zotu5493,0,0,0,0,0,0,0,0,0,0,0,0,0,5,0,4,0,0
Zotu5494,0,0,0,0,0,0,0,0,0,0,0,0,0,0,0,0,5,0
Zotu5495,0,0,0,0,0,0,0,0,0,0,0,0,0,0,0,9,0,0
Zotu5496,0,0,0,0,0,0,0,4,0,0,0,0,0,0,0,3,0,0
Zotu550,0,0,0,0,0,0,47,16,6,43,30,32,28,18,22,35,15,39
Zotu5500,0,0,0,0,0,0,0,0,0,0,0,0,0,0,0,4,0,0
Zotu5502,0,0,0,0,0,0,0,0,0,0,0,5,0,0,0,0,0,0
Zotu5505,0,0,0,0,0,0,0,0,0,0,0,0,0,5,0,4,0,0
Zotu5506,0,0,0,0,0,0,0,0,0,0,0,0,0,0,0,0,0,6
Zotu5516,0,0,0,0,0,0,0,0,0,0,0,0,0,0,0,0,9,0
Zotu5517,0,0,0,0,0,0,0,0,0,0,0,0,0,0,0,0,9,0
Zotu552,0,0,0,0,0,0,40,65,13,54,45,42,26,0,27,29,28,34
Zotu5521,0,0,0,0,0,0,0,0,0,0,0,0,0,0,0,0,9,0
Zotu5523,0,0,0,0,0,0,0,0,0,0,0,0,0,0,0,0,8,0
Zotu5524,0,0,0,0,0,0,0,0,0,0,0,0,0,0,0,0,9,0
Zotu5527,0,0,0,0,0,0,0,0,0,0,0,0,0,0,0,0,9,0
Zotu553,0,24,0,74,0,0,0,6,0,0,0,0,0,0,0,0,0,0
Zotu554,0,0,0,0,16,47,63,61,8,51,0,0,0,0,0,0,3,3
Zotu5543,0,0,0,0,0,0,0,0,0,0,0,0,0,0,0,0,0,3
Zotu5547,0,0,0,0,0,0,0,0,0,0,0,0,0,0,7,0,0,0
Zotu5553,0,0,0,0,0,0,0,0,0,0,0,0,0,8,0,0,0,0
Zotu5554,0,0,0,0,0,0,0,0,0,0,0,0,0,0,5,0,0,0
Zotu5570,0,0,0,0,0,0,0,0,0,3,0,0,0,0,4,0,0,0
Zotu5575,0,0,0,0,0,0,3,0,0,0,0,0,0,0,0,0,0,0
Zotu5577,0,0,0,0,0,0,0,0,0,0,0,0,0,0,0,0,4,0
Zotu5578,0,0,0,0,0,0,0,0,0,0,0,0,0,0,5,0,0,0
Zotu5580,0,0,0,0,0,0,0,0,0,0,0,0,8,0,0,0,0,0
Zotu5587,0,0,0,0,0,0,0,0,0,0,0,0,0,0,0,0,0,3
Zotu5589,0,0,0,0,0,0,0,0,0,0,0,0,0,0,0,0,0,3
Zotu5590,0,0,0,0,0,0,0,0,0,0,0,0,0,0,0,0,0,4
Zotu5605,0,0,0,0,0,0,0,3,0,0,0,0,0,0,0,0,0,0
Zotu561,0,0,0,0,0,0,4,24,20,7,0,0,0,56,31,83,30,41
Zotu562,96,0,109,0,0,0,0,0,0,0,0,0,0,0,0,0,0,0
Zotu5621,0,0,4,0,0,0,0,0,0,0,0,0,0,0,4,0,0,0
Zotu5623,0,0,0,5,0,0,0,0,0,0,0,0,0,0,0,0,0,0
Zotu5636,0,0,0,0,3,0,0,0,0,0,0,0,0,0,0,0,0,0
Zotu5637,0,0,0,0,4,0,0,0,0,0,0,0,0,0,0,0,0,0
Zotu5638,0,0,0,0,0,0,0,5,0,0,0,0,0,0,0,0,0,0
Zotu5639,0,0,0,0,0,0,0,0,0,0,0,0,6,0,0,0,0,0
Zotu5640,0,0,0,0,0,0,0,0,0,0,0,0,7,0,0,0,0,0
Zotu5643,0,0,0,0,0,0,0,0,0,0,0,0,0,0,0,0,3,0
Zotu5652,0,0,0,0,0,6,0,0,0,0,0,0,0,0,0,0,0,0
Zotu5666,0,0,0,0,0,0,6,0,0,0,0,0,0,0,0,0,0,0
Zotu5668,0,0,0,0,0,0,8,0,0,0,0,0,0,0,0,0,0,0
Zotu5669,0,0,0,0,0,0,0,0,0,0,0,0,0,0,0,0,6,0
Zotu567,0,0,0,0,0,0,4,15,11,11,0,0,0,49,77,82,37,25
Zotu5673,0,0,0,0,0,0,0,0,0,0,0,0,0,0,7,0,0,0
Zotu568,0,0,0,0,0,0,21,41,10,24,8,16,8,6,19,43,30,25
Zotu5688,0,0,0,0,0,0,0,3,0,0,0,0,0,0,0,0,3,0
Zotu5690,0,0,0,0,0,0,0,7,0,0,0,0,0,0,0,0,0,0
Zotu5692,0,0,0,0,0,0,5,0,0,0,0,0,0,0,0,0,0,0
Zotu5694,0,0,0,0,0,0,0,6,0,0,0,0,0,0,0,0,0,0
Zotu57,493,99,283,851,267,343,11,0,0,9,3,0,4,5,12,11,12,11
Zotu570,0,0,28,0,0,5,8,16,4,37,10,5,11,15,15,6,7,25
Zotu5700,0,0,0,0,0,0,0,8,0,0,0,0,0,0,0,0,0,0
Zotu5704,0,0,0,0,0,0,0,0,0,0,0,0,0,7,0,0,0,0
Zotu5706,0,0,0,0,5,0,0,0,0,0,0,0,0,0,0,0,0,0
Zotu5708,0,0,0,0,0,0,0,0,5,0,0,0,0,0,0,0,0,0
Zotu5713,0,0,0,0,0,0,0,0,0,5,0,0,0,0,0,0,0,0
Zotu5717,0,0,0,0,0,0,0,0,0,0,0,0,0,0,0,3,0,0
Zotu5718,0,0,0,0,0,0,0,0,4,0,0,0,0,0,0,0,0,0
Zotu5719,0,0,0,0,0,0,0,0,0,0,0,0,0,0,0,6,0,0
Zotu572,0,0,0,0,0,0,7,0,32,131,0,0,5,7,12,7,0,5
Zotu5735,0,0,0,0,0,0,0,3,0,0,0,0,0,0,0,0,0,0
Zotu5767,0,0,0,0,0,0,0,3,0,0,0,0,0,0,0,0,0,3
Zotu5768,0,0,0,0,0,0,0,0,0,3,0,0,0,0,3,0,0,0
Zotu5770,0,0,0,0,0,0,0,0,0,8,0,0,0,0,0,0,0,0
Zotu5771,0,0,0,0,0,0,0,0,0,8,0,0,0,0,0,0,0,0
Zotu5779,0,0,0,0,0,0,0,0,0,5,0,0,0,0,0,0,0,0
Zotu5785,0,0,0,0,0,0,0,0,0,8,0,0,0,0,0,0,0,0
Zotu5786,0,0,0,0,0,0,0,0,0,6,0,0,0,0,0,0,0,0
Zotu5793,0,0,0,0,0,0,0,0,0,8,0,0,0,0,0,0,0,0
Zotu5799,0,0,0,0,0,0,0,0,0,0,0,0,0,0,0,0,5,0
Zotu5801,0,0,0,0,0,0,0,0,0,0,0,0,6,0,0,0,0,0
Zotu5808,0,0,0,0,0,0,0,0,0,3,0,0,0,0,0,0,0,4
Zotu581,0,27,0,0,0,0,26,0,0,0,53,33,0,0,0,0,40,0
Zotu5810,0,0,0,0,0,0,5,0,0,0,0,0,0,0,0,0,0,0
Zotu5811,0,0,0,0,0,0,0,0,0,5,0,0,0,0,0,0,0,0
Zotu5812,0,0,0,0,0,0,0,0,0,3,0,0,0,0,0,0,0,0
Zotu5813,0,0,0,0,0,0,0,0,0,8,0,0,0,0,0,0,0,0
Zotu5816,0,0,0,0,0,0,0,0,0,8,0,0,0,0,0,0,0,0
Zotu5817,0,0,0,0,0,0,0,0,0,0,0,0,0,0,0,3,0,0
Zotu5820,0,0,0,0,0,0,0,0,0,0,0,0,0,0,0,4,0,3
Zotu583,0,3,0,32,0,69,0,0,0,7,11,0,0,4,8,0,4,5
Zotu584,0,0,0,0,0,0,34,36,35,3,0,0,0,6,11,3,0,3
Zotu5841,0,0,0,0,0,0,0,0,0,0,8,0,0,0,0,0,0,0
Zotu5845,0,0,0,0,0,0,0,0,0,0,0,0,0,0,0,0,3,0
Zotu5848,0,0,0,0,0,0,0,0,0,0,6,0,0,0,0,0,0,0
Zotu585,10,19,4,0,14,41,0,0,0,0,0,0,0,0,0,0,0,0
Zotu5851,0,0,0,0,0,0,0,0,0,0,6,0,0,0,0,0,0,0
Zotu5855,0,0,0,0,0,0,0,0,0,0,8,0,0,0,0,0,0,0
Zotu5856,0,0,0,0,0,0,0,0,0,0,0,0,0,0,0,4,0,0
Zotu5858,0,0,0,0,0,0,0,0,0,0,8,0,0,0,0,0,0,0
Zotu5860,0,0,0,0,0,0,0,0,0,0,8,0,0,0,0,0,0,0
Zotu5861,0,0,0,0,0,0,0,0,0,0,4,0,0,0,0,0,0,0
Zotu5863,0,0,0,0,0,0,0,0,0,0,7,0,0,0,0,0,0,0
Zotu5864,0,0,0,0,0,0,0,0,6,0,0,0,0,0,0,0,0,0
Zotu5866,0,0,0,0,0,0,0,0,0,0,3,0,3,0,0,0,0,0
Zotu5870,0,0,0,0,0,0,0,0,0,0,4,0,0,0,0,0,0,0
Zotu5876,0,0,0,0,0,0,0,0,0,0,0,0,0,0,3,0,0,0
Zotu5879,0,0,0,0,0,0,0,0,0,0,0,0,0,6,0,0,0,0
Zotu5884,0,0,0,0,0,0,0,0,0,0,0,0,0,7,0,0,0,0
Zotu5889,0,0,0,0,0,0,0,0,0,0,0,8,0,0,0,0,0,0
Zotu589,126,0,28,0,0,32,0,0,0,0,0,0,0,0,0,6,0,0
Zotu5895,0,0,0,0,0,0,0,0,0,0,0,3,5,0,0,0,0,0
Zotu5898,0,0,0,0,0,0,0,0,0,0,0,0,3,3,0,0,0,0
Zotu5902,0,0,0,0,0,0,0,0,0,0,0,0,0,0,0,0,3,4
Zotu5904,0,0,0,0,0,0,0,0,0,0,0,3,3,0,0,0,0,0
Zotu591,0,0,0,17,78,37,7,9,0,9,0,0,0,0,8,0,3,0
Zotu5910,0,0,0,0,0,0,0,0,0,0,0,0,0,8,0,0,0,0
Zotu5912,0,0,0,0,0,0,0,0,0,0,0,0,0,8,0,0,0,0
Zotu5917,0,0,0,0,0,0,0,0,0,0,0,0,0,8,0,0,0,0
Zotu5931,0,0,0,0,0,0,0,0,0,0,0,0,0,0,8,0,0,0
Zotu5936,0,0,0,0,0,0,0,0,0,0,0,0,0,0,8,0,0,0
Zotu5939,0,0,0,0,0,0,0,0,0,0,0,0,0,0,6,0,0,0
Zotu594,0,11,0,113,0,0,0,0,5,15,0,0,0,0,0,0,12,0
Zotu5940,0,0,0,0,0,0,0,0,0,0,0,0,0,0,8,0,0,0
Zotu5941,0,0,0,0,0,0,0,0,0,0,0,0,0,0,8,0,0,0
Zotu5943,0,0,0,0,0,0,0,0,0,0,0,0,0,0,8,0,0,0
Zotu595,24,0,0,0,0,4,14,24,4,17,27,31,31,24,13,12,19,19
Zotu5953,0,0,0,0,0,0,0,0,0,0,0,0,4,0,0,4,0,0
Zotu5959,0,0,0,0,0,0,0,0,0,0,0,0,0,0,0,6,0,0
Zotu596,5,0,0,0,0,0,24,24,6,38,57,39,15,39,20,17,17,12
Zotu5960,0,0,0,0,0,0,0,0,0,0,0,0,0,0,0,7,0,0
Zotu5961,0,0,0,0,0,0,0,0,0,0,0,0,0,0,0,8,0,0
Zotu5966,0,0,0,0,0,0,0,0,0,0,0,0,0,0,4,3,0,0
Zotu5968,0,0,0,0,0,0,0,0,0,0,0,0,0,0,0,7,0,0
Zotu5971,0,0,0,0,0,0,0,0,0,0,0,0,0,0,0,0,0,3
Zotu5972,0,0,0,0,0,0,0,0,0,0,0,0,0,0,0,6,0,0
Zotu5975,0,0,0,0,0,0,0,0,0,0,0,0,0,0,0,7,0,0
Zotu5976,0,0,0,0,0,0,0,0,0,0,0,0,0,0,0,4,0,0
Zotu5977,0,0,0,0,0,0,0,0,0,0,0,0,0,0,0,5,0,0
Zotu5979,0,0,0,0,0,0,0,0,0,0,0,0,0,0,0,8,0,0
Zotu5981,0,0,0,0,0,0,0,0,0,0,0,0,0,0,0,8,0,0
Zotu5983,0,0,0,0,0,0,0,0,0,0,0,0,0,0,0,8,0,0
Zotu5986,0,0,0,0,0,0,0,0,0,0,0,0,0,0,0,3,3,0
Zotu5987,0,0,0,0,0,0,0,0,0,0,0,0,0,0,0,3,0,0
Zotu5988,0,0,0,0,0,0,0,0,0,0,0,0,0,0,0,3,3,0
Zotu599,0,0,0,0,0,0,62,74,13,7,0,5,5,33,6,17,29,27
Zotu5991,0,0,0,0,0,0,0,0,0,0,0,0,0,0,0,0,0,7
Zotu5995,0,0,0,0,0,0,0,3,0,0,0,0,0,0,0,0,0,0
Zotu5998,0,0,0,0,0,0,0,0,0,0,0,0,0,0,0,4,0,4
Zotu5999,0,0,0,0,0,0,6,0,0,0,0,0,0,0,0,0,0,0
Zotu60,96,30,217,281,18,227,524,441,145,1582,312,192,217,551,704,415,439,597
Zotu6000,0,0,0,0,0,0,0,0,0,0,0,0,0,0,4,0,0,0
Zotu6001,0,0,0,0,0,0,0,0,0,0,0,0,0,0,0,0,0,5
Zotu6002,0,0,0,0,0,0,0,0,0,0,0,0,0,4,0,0,0,0
Zotu6008,0,0,0,0,0,0,0,0,0,0,0,0,0,0,0,0,6,0
Zotu602,29,0,0,0,0,3,16,34,12,31,45,21,20,9,54,8,38,16
Zotu6021,0,0,0,0,0,0,4,0,0,0,0,0,0,0,0,0,0,0
Zotu6028,0,0,0,0,0,0,0,0,0,0,0,0,0,0,4,0,0,0
Zotu6043,0,0,0,0,0,0,0,5,0,0,0,0,0,0,0,0,0,3
Zotu6044,0,0,0,0,0,0,0,0,0,0,0,0,0,0,0,0,0,5
Zotu6045,0,0,0,0,0,0,0,0,0,0,0,0,0,0,0,0,0,3
Zotu6047,0,0,0,0,0,0,0,0,0,0,0,0,0,0,0,0,0,8
Zotu6049,0,0,0,0,0,0,0,0,0,0,0,0,0,3,0,0,0,0
Zotu605,59,27,7,18,0,0,0,0,0,11,0,0,0,0,0,0,0,0
Zotu6056,0,0,0,0,0,0,0,0,0,0,0,0,0,0,0,0,0,3
Zotu6059,0,0,0,0,0,0,0,0,0,0,0,0,0,0,0,0,0,3
Zotu6060,0,0,0,0,0,0,0,0,0,0,0,0,0,0,6,0,0,0
Zotu6061,0,0,0,0,0,0,0,6,0,0,0,0,0,0,0,0,0,0
Zotu6064,0,0,0,0,0,0,0,0,0,0,0,0,0,0,3,0,0,0
Zotu6065,0,0,0,0,0,0,0,0,0,0,0,0,0,0,0,0,0,6
Zotu6077,0,0,0,0,0,0,0,0,0,0,0,0,0,0,6,0,0,0
Zotu608,0,0,0,0,0,0,40,4,5,37,15,29,22,29,15,40,23,94
Zotu6081,0,0,0,0,0,0,0,0,0,0,0,0,0,0,0,0,5,3
Zotu6085,0,0,0,0,0,0,0,0,0,0,0,0,0,0,0,0,3,0
Zotu6086,0,0,0,0,0,0,0,0,0,0,0,0,0,6,0,0,0,0
Zotu6089,0,0,0,0,0,0,0,0,0,0,0,0,0,0,0,0,6,0
Zotu609,12,3,21,0,12,29,0,0,0,0,0,0,0,0,0,0,0,0
Zotu61,1608,284,353,120,201,865,0,4,0,0,0,0,0,0,8,0,12,3
Zotu6102,0,0,0,0,0,0,0,0,0,0,0,0,0,0,5,0,0,0
Zotu6105,0,0,0,0,0,0,0,0,0,4,0,0,0,0,0,0,0,0
Zotu6111,0,0,0,0,0,0,0,0,0,0,0,0,0,0,5,0,0,0
Zotu6135,0,0,0,0,0,0,0,0,0,0,0,0,0,0,0,0,3,3
Zotu6137,0,0,0,0,0,0,0,0,0,0,0,0,0,0,6,0,0,0
Zotu6138,0,0,0,0,0,0,0,0,0,0,0,0,5,0,0,0,0,0
Zotu6143,0,0,0,0,0,0,0,0,0,0,0,0,0,0,3,0,0,0
Zotu62,23,0,6,0,0,24,769,800,158,862,534,429,321,363,530,326,523,723
Zotu624,38,29,0,21,0,0,0,0,0,0,0,0,0,0,0,0,0,0
Zotu626,0,3,6,5,5,48,5,4,5,3,7,11,6,52,20,13,21,0
Zotu627,0,63,0,3,0,0,0,0,0,0,0,0,0,0,0,0,0,0
Zotu628,0,0,0,0,0,0,18,10,0,14,18,8,12,28,62,23,55,62
Zotu631,0,0,0,0,0,0,31,22,28,16,0,0,0,13,0,22,0,20
Zotu634,13,0,0,0,0,0,24,30,0,32,44,25,21,6,34,26,9,17
Zotu638,0,0,0,94,0,90,0,0,0,12,0,0,0,0,28,11,8,10
Zotu639,0,0,0,0,0,0,21,9,0,12,31,52,48,16,33,5,15,18
Zotu641,12,0,0,0,0,0,18,12,7,20,19,9,34,23,13,20,20,19
Zotu642,0,0,0,0,0,0,0,0,7,0,9,0,3,77,65,70,14,52
Zotu643,0,0,0,0,6,81,0,0,0,0,0,0,0,6,0,4,6,0
Zotu648,0,0,0,0,0,0,26,7,0,52,22,5,0,18,24,32,42,78
Zotu65,23,7,7,0,0,0,765,811,133,468,655,533,421,423,663,418,771,754
Zotu650,0,0,0,0,0,0,46,24,0,59,20,16,15,29,27,18,26,35
Zotu652,0,0,0,0,0,0,0,0,0,250,0,0,0,0,0,0,0,7
Zotu655,3,0,0,0,0,0,31,17,5,16,49,21,25,14,20,0,7,19
Zotu658,0,0,0,0,0,0,37,22,26,24,0,0,0,0,10,21,7,16
Zotu669,0,0,0,0,0,0,0,0,0,0,0,0,0,20,41,63,28,30
Zotu670,0,0,0,0,0,0,22,3,26,0,0,0,0,56,31,33,12,29
Zotu673,0,0,0,0,0,0,20,18,6,0,28,32,7,18,29,6,14,7
Zotu674,0,8,240,19,0,0,0,0,0,0,0,0,0,0,0,0,0,0
Zotu676,0,0,0,0,0,0,0,0,0,16,13,3,0,30,18,8,36,25
Zotu678,0,0,0,0,0,0,11,9,23,27,0,0,0,0,6,11,8,14
Zotu680,0,0,0,0,0,0,20,17,0,5,29,31,23,12,39,20,25,29
Zotu685,0,0,0,0,0,0,8,0,0,10,11,18,32,41,16,20,22,46
Zotu686,0,0,0,0,0,0,0,0,0,34,20,0,0,18,38,3,14,107
Zotu687,0,12,47,64,0,0,0,0,0,9,0,0,4,0,6,7,0,3
Zotu689,0,0,0,0,0,0,23,43,5,33,38,15,31,27,8,11,5,11
Zotu693,0,0,0,0,0,0,50,78,16,24,0,0,0,6,0,0,0,9
Zotu694,0,0,0,0,0,0,7,4,4,0,0,0,14,14,15,89,10,44
Zotu695,0,0,0,0,0,0,8,14,0,53,42,28,26,20,17,26,4,36
Zotu697,0,17,0,49,5,8,0,0,0,0,0,0,0,0,0,0,0,0
Zotu70,0,0,0,0,0,0,684,611,79,471,754,1090,942,560,449,354,631,752
Zotu703,30,0,6,0,10,98,0,0,0,0,0,0,0,0,0,0,0,0
Zotu708,0,0,0,0,0,0,8,26,30,48,11,6,4,0,0,5,12,8
Zotu709,0,0,0,0,0,0,13,21,11,19,5,0,0,8,12,30,14,37
Zotu710,6,0,0,5,0,0,0,0,0,0,17,20,7,24,38,37,26,48
Zotu711,8,0,46,0,0,0,17,9,0,76,0,0,0,0,0,0,0,3
Zotu713,0,0,0,0,0,0,33,28,9,26,14,27,19,13,19,27,15,14
Zotu717,39,0,60,5,11,0,11,0,0,0,0,0,0,0,0,0,0,0
Zotu719,0,0,0,0,0,0,65,63,30,10,0,0,0,0,0,0,0,0
Zotu720,0,0,0,0,0,0,4,28,14,6,0,0,0,21,16,55,7,8
Zotu721,0,0,4,0,0,4,12,19,3,23,41,45,28,0,11,5,29,15
Zotu725,6,0,0,0,0,3,11,17,0,22,8,4,12,15,25,6,24,21
Zotu727,0,0,0,4,5,0,25,49,11,12,0,0,0,0,0,5,0,0
Zotu728,0,0,0,0,0,0,4,6,6,10,0,0,0,21,50,35,18,33
Zotu73,422,39,151,34,26,246,434,546,53,327,304,321,243,204,385,137,342,295
Zotu743,9,0,0,0,0,121,0,0,0,0,0,0,0,0,0,0,0,0
Zotu746,0,0,0,0,0,4,3,0,0,4,11,4,0,46,52,27,54,58
Zotu749,0,0,0,0,0,0,9,16,4,25,18,17,11,20,14,16,15,52
Zotu754,38,9,3,0,5,13,0,12,0,3,13,3,0,12,0,0,4,8
Zotu757,0,0,0,0,0,0,41,0,0,0,0,26,0,19,11,3,25,4
Zotu760,0,0,0,0,0,0,0,0,16,0,0,6,137,13,0,0,9,0
Zotu763,0,0,0,0,0,0,23,21,0,48,0,4,0,9,4,0,7,26
Zotu766,0,0,0,0,0,0,22,14,4,18,25,29,18,9,34,4,25,11
Zotu768,4,0,6,8,0,3,0,17,4,0,0,21,0,19,38,20,29,36
Zotu77,327,42,3,14,14,189,304,313,60,361,410,356,325,190,395,196,288,298
Zotu774,0,0,0,0,0,0,15,18,9,12,16,27,19,28,13,8,25,16
Zotu776,0,0,0,0,0,0,18,8,0,46,9,25,16,32,21,9,18,27
Zotu777,0,0,0,0,0,0,9,30,0,8,5,15,18,12,20,16,14,35
Zotu78,11,0,25,0,0,20,692,591,92,811,479,426,353,492,379,323,398,619
Zotu783,0,0,6,0,0,0,18,9,0,15,22,17,26,3,23,29,16,12
Zotu787,0,68,0,0,0,4,0,0,0,0,0,0,0,0,0,0,0,0
Zotu789,0,0,0,0,0,0,10,15,0,4,37,41,35,20,34,21,12,17
Zotu792,0,0,0,0,0,0,0,4,6,0,0,0,0,16,19,78,23,19
Zotu795,0,0,0,0,0,0,0,0,3,3,0,0,0,21,21,49,24,51
Zotu796,0,0,0,0,0,0,20,17,4,6,20,14,13,13,21,6,14,12
Zotu799,0,0,0,0,0,0,19,18,23,12,0,0,0,0,3,9,0,17
Zotu802,0,0,0,0,0,0,14,12,10,16,10,19,14,13,11,14,7,24
Zotu808,0,0,0,0,0,0,7,19,11,6,0,9,0,11,3,26,19,18
Zotu813,0,0,0,0,0,0,29,15,25,19,0,9,0,0,0,5,0,15
Zotu815,0,0,0,0,0,0,0,0,10,0,3,0,0,11,42,53,31,42
Zotu819,5,0,21,7,6,4,17,4,0,100,0,0,5,0,6,3,3,3
Zotu822,0,0,0,0,0,0,12,17,19,4,0,0,0,14,10,40,5,3
Zotu824,0,0,0,0,9,0,0,9,3,6,0,0,0,13,0,0,13,48
Zotu827,3,0,0,0,0,4,6,5,3,0,20,4,20,0,34,5,26,9
Zotu839,0,0,0,0,3,0,0,0,0,0,0,0,0,0,0,0,0,0
Zotu84,5,2052,16,9,432,48,0,0,0,6,6,0,0,0,11,19,3,4
Zotu842,0,0,0,0,0,0,20,10,0,3,33,22,12,17,24,0,20,16
Zotu844,0,0,0,0,0,0,23,18,0,8,39,47,15,3,16,5,11,15
Zotu845,0,0,0,0,4,6,0,0,0,0,5,0,0,0,0,0,0,4
Zotu853,0,31,0,0,0,0,0,0,0,0,0,0,0,0,0,0,0,0
Zotu854,0,0,148,0,0,0,0,0,0,0,0,0,0,0,0,0,0,0
Zotu855,0,0,0,0,0,0,5,29,5,36,6,13,10,13,4,22,0,33
Zotu856,0,0,0,0,0,5,19,15,0,17,16,22,6,4,4,6,11,16
Zotu858,7,0,0,6,0,4,4,11,0,32,0,0,0,0,0,3,0,3
Zotu86,663,20,5,10,26,301,282,293,69,174,234,216,138,209,297,144,215,259
Zotu87,62,12,532,38,9,54,12,36,13,151,159,151,39,345,582,543,608,1029
Zotu872,0,23,0,3,0,0,0,0,0,0,0,0,0,0,0,0,0,0
Zotu874,0,0,0,0,0,0,19,12,36,0,0,0,0,0,0,14,0,0
Zotu879,16,9,0,92,5,0,0,0,0,0,0,0,0,0,0,0,0,0
Zotu885,0,0,0,0,0,0,12,23,4,13,15,14,0,0,12,11,14,40
Zotu887,0,11,0,5,0,5,0,0,0,0,0,0,0,0,0,0,0,0
Zotu888,0,10,106,0,0,0,0,0,0,3,0,0,0,0,0,0,3,0
Zotu89,155,25,0,10,0,66,9,3,0,5,327,360,141,885,1075,497,410,780
Zotu890,0,0,0,0,0,0,10,3,0,119,0,0,0,0,0,0,0,4
Zotu893,75,0,0,0,0,0,9,10,0,11,11,16,8,13,5,3,13,4
Zotu899,0,0,0,0,0,11,4,6,0,35,0,0,0,27,15,28,6,21
Zotu901,0,0,0,0,0,0,0,4,17,6,0,25,3,13,0,15,0,10
Zotu902,0,0,0,0,0,0,10,41,9,9,0,0,0,5,4,0,9,21
Zotu904,0,7,50,3,0,0,0,0,0,8,0,0,0,0,0,0,0,0
Zotu911,0,0,0,0,0,0,5,15,4,0,30,22,31,5,19,13,4,15
Zotu913,0,0,0,0,0,0,0,0,3,0,0,0,0,26,35,54,9,17
Zotu918,35,0,10,0,0,0,0,8,0,3,0,0,0,4,0,0,21,5
Zotu920,0,0,0,0,0,0,13,19,3,3,23,16,17,9,8,14,12,4
Zotu921,0,0,0,0,0,0,9,0,3,6,4,22,6,0,3,6,22,15
Zotu923,21,0,0,0,0,0,8,21,7,21,25,26,10,0,9,0,9,5
Zotu928,0,14,0,0,4,0,0,0,0,0,0,0,0,0,0,0,0,0
Zotu929,0,0,0,0,0,0,8,12,0,20,27,22,8,4,13,6,11,21
Zotu93,77,17,0,0,0,39,31,50,169,168,296,564,276,329,123,288,194,624
Zotu931,0,4,70,13,0,17,3,3,0,6,0,9,0,16,15,0,25,0
Zotu935,0,0,0,0,0,0,13,13,0,8,20,9,54,0,0,9,3,6
Zotu937,0,0,0,0,0,0,0,14,0,15,0,3,0,13,11,10,24,40
Zotu939,0,0,26,0,0,0,34,20,21,11,0,0,0,5,0,3,9,0
Zotu943,0,0,0,0,0,0,23,48,5,0,0,0,0,24,7,9,4,4
Zotu944,0,0,0,0,0,18,0,0,0,0,0,0,0,0,0,0,0,0
Zotu948,0,0,0,0,0,0,22,16,15,30,0,0,0,18,0,20,0,11
Zotu949,0,0,0,0,0,0,0,0,0,7,11,24,10,0,93,6,0,8
Zotu953,3,0,75,4,0,0,0,0,0,0,0,0,0,0,0,0,0,0
Zotu955,15,0,0,0,0,0,0,0,0,5,18,22,14,15,14,14,19,11
Zotu957,0,0,0,0,0,0,19,10,5,15,12,25,20,6,10,14,4,17
Zotu96,232,3,34,41,0,50,489,455,217,197,484,467,542,334,307,179,166,327
Zotu962,0,0,0,0,0,0,6,23,19,10,4,8,0,3,0,6,4,12
Zotu966,0,0,24,11,0,0,0,5,0,42,0,0,0,0,10,0,0,11
Zotu969,0,4,4,3,0,0,5,16,4,0,4,5,0,16,8,12,9,14
Zotu972,0,0,0,0,0,0,43,13,10,4,0,0,0,0,0,7,13,11
Zotu979,0,0,0,0,0,5,0,0,0,3,0,0,0,0,0,0,0,0
Zotu980,0,0,0,0,0,0,10,10,3,11,29,14,10,25,6,4,8,40
Zotu983,0,0,4,0,0,0,15,56,15,16,0,0,0,0,5,0,0,5
Zotu985,0,0,0,0,0,0,0,9,7,16,36,22,12,3,20,0,4,12
Zotu987,0,0,0,0,0,0,9,18,0,12,26,15,7,9,20,0,0,0
Zotu991,0,0,0,0,0,0,14,15,0,12,13,24,18,7,13,6,13,14
